match_id,match_name,player,total_xA,shot_statsbomb_xg,shot_outcome,pass_goal_assist,pass_through_ball,pass_cross,dribble_outcome,interception_outcome,duel_outcome,clearance_aerial_won,foul_committed_advantage,foul_won_advantage,foul_won_defensive,foul_committed_card,goalkeeper_outcome,goalkeeper_technique,goalkeeper_type,successful_passes,unsuccessful_passes,pass_ratio,raw_rating,z_score,player_rating
3890259,Bayern Munich vs Hamburger SV,Arjen Robben,0.19397135,0.10892223,0.0,0,0,0,-4.0,0.0,-3.0,0,0,0,0,0.0,0.0,0.0,0.0,136,6,0.9577464788732394,-5.10915757611191,-1.5,6.267228805075432
3890259,Bayern Munich vs Hamburger SV,Arturo Erasmo Vidal Pardo,0.7685211,0.12575322,0.0,0,0,0,0.0,-1.0,1.0,0,0,0,0,0.0,0.0,0.0,0.0,371,7,0.9814814814814815,4.753020535885485,-0.8370296793418679,6.805151770987167
3890259,Bayern Munich vs Hamburger SV,David Olatukunbo Alaba,0.47371602,0.129779227,0.0,0,1,3,0.0,0.0,-1.0,0,0,0,0,0.0,0.0,0.0,0.0,224,7,0.9696969696969697,8.849355878843228,-0.38673274323583745,7.397908146194213
3890259,Bayern Munich vs Hamburger SV,Douglas Costa de Souza,0.3109163,0.115055639,1.0,1,0,4,0.0,2.0,0.0,0,0,0,0,0.0,0.0,0.0,0.0,225,11,0.9533898305084746,23.253140961290377,1.196628907588511,9.537097544117486
3890259,Bayern Munich vs Hamburger SV,Jérôme Boateng,0.0,0.1707434798,0.0,0,0,1,0.0,0.0,0.0,2,0,0,0,-2.0,0.0,0.0,0.0,264,12,0.9565217391304348,15.552539136591305,0.35012657867254837,8.547512590193517
3890259,Bayern Munich vs Hamburger SV,Manuel Neuer,0.0,0.0,0.0,0,0,0,0.0,0.0,0.0,0,0,0,0,0.0,3.0,1.0,7.0,74,1,0.9866666666666667,13.96,0.17506388633979206,8.277941130932518
3890259,Bayern Munich vs Hamburger SV,Mario Götze,0.0,0.0,0.0,0,0,1,4.0,0.0,1.0,0,0,1,0,0.0,0.0,0.0,0.0,87,1,0.9886363636363636,11.96590909090909,-0.04414009758799269,7.929585461326656
3890259,Bayern Munich vs Hamburger SV,Medhi Amine El Mouttaqi Benatia,0.0,0.26003498,1.0,0,0,0,0.0,2.0,0.0,3,0,0,0,0.0,0.0,0.0,0.0,220,8,0.9649122807017544,18.43487676210526,0.6669726600909989,8.990420805884613
3890259,Bayern Munich vs Hamburger SV,Márcio Rafael Ferreira de Souza,0.19645797,0.117799476,0.0,0,0,4,-2.0,0.0,2.0,0,0,0,0,0.0,0.0,0.0,0.0,110,4,0.9649122807017544,6.9553086326905,-0.5949392498757008,7.103768159452041
3890259,Bayern Munich vs Hamburger SV,Philipp Lahm,0.2895496,0.045653418,0.0,0,0,2,2.0,0.0,0.0,1,0,0,1,0.0,0.0,0.0,0.0,223,5,0.9780701754385965,11.485472965787103,-0.09695289171360189,7.845527610195374
3890259,Bayern Munich vs Hamburger SV,Robert Lewandowski,0.0,0.386047645,1.0,1,1,1,2.0,0.0,0.0,0,0,0,3,0.0,0.0,0.0,0.0,112,4,0.9655172413793104,24.44074230413793,1.3271780939286923,9.631100445977255
3890259,Bayern Munich vs Hamburger SV,Thiago Alcântara do Nascimento,0.24476914,0.0,0.0,0,0,0,0.0,0.0,0.0,0,0,0,0,0.0,0.0,0.0,0.0,77,3,0.9625,3.621807408332825,-0.9613802909917641,6.672721980745581
3890259,Bayern Munich vs Hamburger SV,Thomas Müller,0.0,0.77542248,2.0,0,1,1,6.0,0.0,0.0,0,0,0,0,0.0,0.0,0.0,0.0,128,7,0.9481481481481482,29.946134364444443,1.9323680916373496,9.89337182101784
3890259,Bayern Munich vs Hamburger SV,Xabier Alonso Olano,0.33550757,0.0033830546,0.0,1,0,0,0.0,-1.0,0.0,0,0,1,0,-2.0,0.0,0.0,0.0,238,6,0.9754098360655737,15.946284382083782,0.39340972392489937,8.611966222332219
3890270,Hoffenheim vs Bayern Munich,Arjen Robben,0.0,0.176853216,0.0,0,1,0,-2.0,0.0,-2.0,0,0,0,0,0.0,0.0,0.0,0.0,89,6,0.9368421052631579,0.5179391797894741,-1.3025785173021975,6.38543739187692
3890270,Hoffenheim vs Bayern Munich,Arturo Erasmo Vidal Pardo,0.4251816,0.052201286,0.0,0,1,2,2.0,0.0,-1.0,1,0,1,0,0.0,0.0,0.0,0.0,191,9,0.955,12.849349906611389,0.05297370273249564,8.084494279070778
3890270,Hoffenheim vs Bayern Munich,David Olatukunbo Alaba,0.0,0.025878543,0.0,0,0,2,0.0,0.0,2.0,1,0,1,0,0.0,0.0,0.0,0.0,201,8,0.9617224880382775,9.488681636114833,-0.316453724168711,7.503316288856717
3890270,Hoffenheim vs Bayern Munich,Douglas Costa de Souza,0.3066134,0.318028485,0.0,0,0,11,8.0,0.0,0.0,0,0,0,0,0.0,0.0,0.0,0.0,136,15,0.9006622516556292,27.893940851998902,1.706777075867713,9.824273010292975
3890270,Hoffenheim vs Bayern Munich,Jérôme Boateng,0.18604426,0.0,0.0,0,0,0,0.0,0.0,3.0,0,0,0,0,-2.0,0.0,0.0,0.0,179,8,0.9572192513368984,14.429790521688002,0.22670644360538328,8.35869596740914
3890270,Hoffenheim vs Bayern Munich,Manuel Neuer,0.0,0.0,0.0,0,0,0,0.0,0.0,0.0,0,0,0,0,0.0,0.0,1.0,5.0,144,4,0.972972972972973,8.91891891891892,-0.3790859025380524,7.409248149114271
3890270,Hoffenheim vs Bayern Munich,Mario Götze,0.8279369,0.0,0.0,1,0,1,8.0,0.0,0.0,1,0,0,0,0.0,0.0,0.0,0.0,175,5,0.9722222222222222,24.900477329889934,1.3777152829487882,9.663417578196066
3890270,Hoffenheim vs Bayern Munich,Medhi Amine El Mouttaqi Benatia,0.0,0.0,0.0,0,0,0,0.0,0.0,0.0,1,0,0,0,0.0,0.0,0.0,0.0,89,4,0.956989247311828,4.370967741935484,-0.8790275110970716,6.758772718747599
3890270,Hoffenheim vs Bayern Munich,Márcio Rafael Ferreira de Souza,0.0,0.0,0.0,0,0,0,0.0,2.0,1.0,0,0,0,0,-2.0,0.0,0.0,0.0,121,5,0.9603174603174603,15.880952380952381,0.38622798769577915,8.60134434467864
3890270,Hoffenheim vs Bayern Munich,Philipp Lahm,0.18870644,0.0,0.0,0,0,1,-2.0,0.0,0.0,0,0,0,0,0.0,0.0,0.0,0.0,150,8,0.9493670886075949,1.4142205790628362,-1.2040531930326743,6.457138039203822
3890270,Hoffenheim vs Bayern Munich,Robert Lewandowski,0.0,1.398232296,1.0,0,0,0,0.0,0.0,0.0,0,0,0,0,0.0,0.0,0.0,0.0,45,0,1.0,14.592929183999999,0.24463975073215932,8.386529235103602
3890270,Hoffenheim vs Bayern Munich,Thiago Alcântara do Nascimento,0.0,0.0,0.0,0,0,0,0.0,0.0,0.0,0,0,0,0,0.0,0.0,0.0,0.0,57,7,0.890625,2.671875,-1.0658032976959069,6.5730251397898165
3890270,Hoffenheim vs Bayern Munich,Thomas Müller,1.4699768,1.2984622670000001,1.0,0,0,3,0.0,0.0,0.0,0,0,0,1,0.0,0.0,0.0,0.0,167,10,0.943502824858757,22.43428777176328,1.1066150167583564,9.463079176066843
3890270,Hoffenheim vs Bayern Munich,Xabier Alonso Olano,0.470815,0.0,0.0,0,1,1,2.0,0.0,2.0,1,0,1,1,0.0,0.0,0.0,0.0,179,12,0.93717277486911,15.723963392966706,0.36897069443880337,8.57570086312758
3890278,Bayern Munich vs Bayer Leverkusen,Arjen Robben,0.47826064,0.8557044,1.0,0,0,5,12.0,0.0,0.0,0,0,0,1,0.0,0.0,0.0,0.0,120,9,0.9302325581395349,37.64829718340756,2.7790420156195186,9.989096105443066
3890278,Bayern Munich vs Bayer Leverkusen,Arturo Erasmo Vidal Pardo,0.21806471,0.0,0.0,0,0,0,0.0,-1.0,5.0,2,0,0,1,0.0,0.0,0.0,0.0,216,9,0.96,10.534194116592406,-0.20152390832025213,7.680577873516218
3890278,Bayern Munich vs Bayer Leverkusen,Dante Bonfim da Costa Santos,0.0,0.0,0.0,0,0,0,0.0,0.0,0.0,0,0,0,0,0.0,0.0,0.0,0.0,48,1,0.9795918367346939,2.9387755102040813,-1.0364637851980714,6.599971652345793
3890278,Bayern Munich vs Bayer Leverkusen,David Olatukunbo Alaba,0.0,0.0,0.0,0,0,2,0.0,0.0,-2.0,1,0,0,0,0.0,0.0,0.0,0.0,229,6,0.9744680851063829,4.423404255319149,-0.8732633342560959,6.765039121481197
3890278,Bayern Munich vs Bayer Leverkusen,Douglas Costa de Souza,0.31127384,0.227757215,0.0,1,0,6,-4.0,0.0,-1.0,0,0,0,0,0.0,0.0,0.0,0.0,159,11,0.9352941176470588,8.650732771893509,-0.4085667409462739,7.365715284876446
3890278,Bayern Munich vs Bayer Leverkusen,Juan Bernat Velasco,0.0,0.0,0.0,0,0,0,2.0,0.0,-2.0,0,0,0,0,-2.0,0.0,0.0,0.0,144,10,0.935064935064935,11.805194805194805,-0.061806900812495714,7.901433215886293
3890278,Bayern Munich vs Bayer Leverkusen,Manuel Neuer,0.0,0.0,0.0,0,0,0,0.0,0.0,0.0,0,0,0,0,0.0,0.0,3.0,13.0,90,4,0.9574468085106383,18.872340425531917,0.7150616300620236,9.050858076081543
3890278,Bayern Munich vs Bayer Leverkusen,Mario Götze,0.0,0.27036208,0.0,0,0,0,0.0,0.0,0.0,0,0,0,0,0.0,0.0,0.0,0.0,48,0,1.0,4.08144832,-0.9108534476295539,6.72474519340304
3890278,Bayern Munich vs Bayer Leverkusen,Philipp Lahm,0.0,0.0,0.0,0,0,1,0.0,-1.0,4.0,1,0,0,0,0.0,0.0,0.0,0.0,189,7,0.9642857142857143,7.392857142857142,-0.5468409529761273,7.168976009854236
3890278,Bayern Munich vs Bayer Leverkusen,Robert Lewandowski,0.0,0.17829071000000002,0.0,0,0,0,2.0,0.0,2.0,0,0,1,0,0.0,0.0,0.0,0.0,125,4,0.9689922480620154,9.620139584186045,-0.30200297580773555,7.525299588888274
3890278,Bayern Munich vs Bayer Leverkusen,Sebastian Rode,0.0,0.0,0.0,0,0,0,0.0,0.0,0.0,0,0,0,0,0.0,0.0,0.0,0.0,28,0,1.0,3.0,-1.0297335744458795,6.606270180452789
3890278,Bayern Munich vs Bayer Leverkusen,Thiago Alcântara do Nascimento,0.18585776,0.07858673299999999,0.0,0,0,0,4.0,0.0,6.0,1,0,0,0,-2.0,0.0,0.0,0.0,148,7,0.9548387096774194,25.236436319909057,1.41464617146185,9.68565547166764
3890278,Bayern Munich vs Bayer Leverkusen,Thomas Müller,0.47157025,1.31242949,2.0,0,0,2,-2.0,0.0,1.0,0,0,0,0,0.0,0.0,0.0,0.0,159,14,0.9190751445086706,21.421654153642585,0.9952994682348144,9.360818727320424
3890278,Bayern Munich vs Bayer Leverkusen,Xabier Alonso Olano,0.0,0.0,0.0,0,0,1,0.0,0.0,1.0,2,0,0,0,0.0,0.0,0.0,0.0,227,8,0.9659574468085106,7.897872340425532,-0.49132626066877605,7.246391418260512
3890287,Bayern Munich vs Augsburg,Arturo Erasmo Vidal Pardo,0.0,0.0,0.0,0,0,1,-2.0,0.0,4.0,1,0,0,1,0.0,0.0,0.0,0.0,184,5,0.9735449735449735,7.420634920634921,-0.5437874314311514,7.173175517538218
3890287,Bayern Munich vs Augsburg,David Olatukunbo Alaba,0.53624237,0.113925507,0.0,0,0,4,2.0,3.0,-1.0,3,0,0,0,0.0,0.0,0.0,0.0,277,5,0.9822695035460993,21.51123763614959,1.0051470916155425,9.370347945436189
3890287,Bayern Munich vs Augsburg,Douglas Costa de Souza,0.42643896,0.0604311701,0.0,0,0,8,-2.0,0.0,0.0,0,0,0,0,0.0,0.0,0.0,0.0,192,11,0.9458128078817734,9.358480006205966,-0.33076636952494815,7.481641931086285
3890287,Bayern Munich vs Augsburg,Juan Bernat Velasco,0.0,0.0,0.0,0,0,0,0.0,0.0,0.0,0,0,0,0,0.0,0.0,0.0,0.0,1,0,1.0,3.0,-1.0297335744458795,6.606270180452789
3890287,Bayern Munich vs Augsburg,Jérôme Boateng,0.41731346,0.0,0.0,0,0,0,2.0,2.0,2.0,1,0,0,0,0.0,0.0,0.0,0.0,266,3,0.9888475836431226,14.718483120535385,0.25844149014178325,8.407867601243218
3890287,Bayern Munich vs Augsburg,Kingsley Coman,0.0,0.0,0.0,0,0,4,0.0,0.0,0.0,0,0,0,0,0.0,0.0,0.0,0.0,58,4,0.9354838709677419,6.806451612903226,-0.6113026220891888,7.081998510859505
3890287,Bayern Munich vs Augsburg,Manuel Neuer,0.0,0.0,0.0,0,0,0,0.0,0.0,0.0,0,0,0,0,0.0,0.0,1.0,0.0,74,2,0.9736842105263158,3.9210526315789473,-0.928485228480891,6.7063118532741015
3890287,Bayern Munich vs Augsburg,Márcio Rafael Ferreira de Souza,0.0,0.0,0.0,0,0,2,0.0,0.0,1.0,1,0,0,1,0.0,0.0,0.0,0.0,341,7,0.9798850574712644,8.439655172413794,-0.43176982086250526,7.3318174315580995
3890287,Bayern Munich vs Augsburg,Philipp Lahm,0.6722488,0.0,0.0,0,0,4,-2.0,0.0,0.0,0,0,0,1,0.0,0.0,0.0,0.0,288,11,0.9632107023411371,6.906378389600926,-0.6003179937287978,7.0965886581036735
3890287,Bayern Munich vs Augsburg,Robert Lewandowski,0.32008076,1.641004565,1.0,0,0,0,2.0,0.0,0.0,0,0,0,2,0.0,0.0,0.0,0.0,164,1,0.9939393939393939,21.50607871324152,1.0045799878545907,9.369801724931913
3890287,Bayern Munich vs Augsburg,Thiago Alcântara do Nascimento,0.19718443,0.497266063,0.0,0,0,0,-2.0,0.0,0.0,1,0,1,0,0.0,0.0,0.0,0.0,254,9,0.9657794676806084,4.977955925858629,-0.8123032571994884,6.833235284039345
3890287,Bayern Munich vs Augsburg,Thomas Müller,0.21715082,1.4467642779999998,1.0,0,0,2,-2.0,0.0,0.0,0,0,0,0,0.0,0.0,0.0,0.0,155,11,0.9337349397590361,14.239714413023782,0.20581198985769406,8.326124449704475
3890287,Bayern Munich vs Augsburg,Xabier Alonso Olano,0.89111036,0.06489648,0.0,0,0,0,-2.0,0.0,2.0,1,0,0,0,0.0,0.0,0.0,0.0,346,11,0.969187675070028,6.340479967472657,-0.6625253826013121,7.015269146308401
3890296,Darmstadt 98 vs Bayern Munich,Arturo Erasmo Vidal Pardo,0.5911431,0.304086992,1.0,0,0,1,0.0,0.0,1.0,0,0,0,0,0.0,0.0,0.0,0.0,153,6,0.9622641509433962,13.876569576179921,0.16589264886071323,8.26351713460817
3890296,Darmstadt 98 vs Bayern Munich,David Olatukunbo Alaba,0.0,0.054715693,0.0,0,0,0,0.0,0.0,1.0,0,0,0,1,0.0,0.0,0.0,0.0,267,6,0.978021978021978,5.152928706065934,-0.7930690636501845,6.855475171696013
3890296,Darmstadt 98 vs Bayern Munich,Douglas Costa de Souza,0.23892781,0.10935440099999999,0.0,1,0,5,-2.0,0.0,0.0,0,0,1,0,0.0,0.0,0.0,0.0,176,9,0.9513513513513514,12.008255062404334,-0.039485141481060866,7.937007199318905
3890296,Darmstadt 98 vs Bayern Munich,Javier Martínez Aginaga,0.0,0.18195567,0.0,0,0,0,0.0,0.0,1.0,1,0,0,1,-2.0,0.0,0.0,0.0,67,2,0.9710144927536232,15.140866158260868,0.3048726955551592,8.479073775659772
3890296,Darmstadt 98 vs Bayern Munich,Joshua Kimmich,0.1964821,0.19542058,0.0,0,0,0,0.0,2.0,1.0,0,1,0,1,0.0,0.0,0.0,0.0,278,3,0.9893238434163701,9.339100156477748,-0.33289673391755437,7.478424469853004
3890296,Darmstadt 98 vs Bayern Munich,Juan Bernat Velasco,0.0,0.0,0.0,0,0,2,0.0,0.0,0.0,0,0,0,0,0.0,0.0,0.0,0.0,226,9,0.9617021276595744,4.885106382978723,-0.8225099080659867,6.821573499929537
3890296,Darmstadt 98 vs Bayern Munich,Jérôme Boateng,0.0,0.0,0.0,0,0,0,0.0,0.0,-2.0,2,0,0,0,0.0,0.0,0.0,0.0,137,4,0.9716312056737588,3.9148936170212765,-0.929162269092207,6.705609995834843
3890296,Darmstadt 98 vs Bayern Munich,Kingsley Coman,0.7242371,0.201101929,1.0,0,0,4,4.0,0.0,0.0,0,0,1,0,0.0,0.0,0.0,0.0,222,12,0.9487179487179487,22.823272934529335,1.1493749014649115,9.499197150521791
3890296,Darmstadt 98 vs Bayern Munich,Manuel Neuer,0.0,0.0,0.0,0,0,0,0.0,0.0,0.0,0,0,0,0,0.0,2.0,2.0,9.0,70,1,0.9859154929577465,15.95774647887324,0.3946697152667989,8.61382668828976
3890296,Darmstadt 98 vs Bayern Munich,Mario Götze,0.15761574,0.03198399,0.0,0,1,2,0.0,0.0,-1.0,0,0,0,0,0.0,0.0,0.0,0.0,181,4,0.9783783783783784,6.5359183184169956,-0.6410414748496809,7.042991473534487
3890296,Darmstadt 98 vs Bayern Munich,Márcio Rafael Ferreira de Souza,0.4300677,0.0,0.0,0,0,4,2.0,-1.0,0.0,0,0,0,0,0.0,0.0,0.0,0.0,332,14,0.9595375722543352,9.168815811245427,-0.35161554292735836,7.450253214227189
3890296,Darmstadt 98 vs Bayern Munich,Sebastian Rode,0.0,0.56092043,1.0,1,0,0,2.0,0.0,1.0,1,0,0,0,0.0,0.0,0.0,0.0,207,5,0.9764150943396226,21.672927003018867,1.0229210823673804,9.387309678831759
3890296,Darmstadt 98 vs Bayern Munich,Thomas Müller,0.19741867,0.0,0.0,0,0,2,0.0,0.0,0.0,0,0,0,0,0.0,0.0,0.0,0.0,28,1,0.9655172413793104,5.488807733716635,-0.756146965142454,6.899122172380804
3890296,Darmstadt 98 vs Bayern Munich,Xabier Alonso Olano,0.0,0.06304886,0.0,0,0,0,0.0,0.0,0.0,0,0,0,0,0.0,0.0,0.0,0.0,79,1,0.9875,3.2146954400000003,-1.0061327969865492,6.6287033879093
3890305,Bayern Munich vs Wolfsburg,Arturo Erasmo Vidal Pardo,0.0,0.072021311,0.0,0,1,1,2.0,0.0,3.0,0,0,0,0,-2.0,0.0,0.0,0.0,248,4,0.9841269841269841,20.240466196380954,0.8654552846928958,9.226422103134436
3890305,Bayern Munich vs Wolfsburg,David Olatukunbo Alaba,0.41516683,0.0,0.0,0,0,3,0.0,2.0,1.0,0,0,0,0,0.0,0.0,0.0,0.0,314,9,0.9721362229102167,12.161909114096556,-0.022594447017719732,7.963947546672662
3890305,Bayern Munich vs Wolfsburg,Douglas Costa de Souza,0.0,0.091575862,0.0,1,0,4,2.0,3.0,0.0,0,0,0,0,0.0,0.0,0.0,0.0,192,9,0.9552238805970149,21.231975089791046,0.9744486603431596,9.340332362832456
3890305,Bayern Munich vs Wolfsburg,Javier Martínez Aginaga,0.17215733,0.0,0.0,0,0,0,-2.0,0.0,-2.0,0,0,0,1,0.0,0.0,0.0,0.0,117,2,0.9831932773109243,-0.5339481860649689,-1.418209103745077,6.312259449602261
3890305,Bayern Munich vs Wolfsburg,Joshua Kimmich,0.0,0.0,0.0,0,0,0,0.0,0.0,2.0,0,1,0,0,0.0,0.0,0.0,0.0,57,3,0.95,3.8499999999999996,-0.9362958151696187,6.698241804432946
3890305,Bayern Munich vs Wolfsburg,Juan Bernat Velasco,0.0,0.0,0.0,0,0,1,2.0,6.0,0.0,0,0,1,0,0.0,0.0,0.0,0.0,129,6,0.9555555555555556,19.866666666666667,0.8243647076634569,9.180535276605895
3890305,Bayern Munich vs Wolfsburg,Jérôme Boateng,0.0,0.0,0.0,0,0,1,0.0,0.0,0.0,0,0,0,0,0.0,0.0,0.0,0.0,279,9,0.96875,3.90625,-0.9301124340410425,6.704625747124066
3890305,Bayern Munich vs Wolfsburg,Manuel Neuer,0.0,0.0,0.0,0,0,0,0.0,0.0,0.0,0,0,0,0,0.0,0.0,2.0,6.0,66,2,0.9705882352941176,10.911764705882353,-0.16001879087099322,7.745732543960491
3890305,Bayern Munich vs Wolfsburg,Mario Götze,0.727376,0.14021268,0.0,1,0,2,-2.0,-1.0,0.0,0,0,1,1,0.0,0.0,0.0,0.0,224,7,0.9696969696969697,9.652069581666591,-0.2984930141391722,7.530653814314113
3890305,Bayern Munich vs Wolfsburg,Philipp Lahm,0.0,0.0,0.0,0,0,1,0.0,6.0,0.0,0,0,0,0,0.0,0.0,0.0,0.0,215,5,0.9772727272727273,15.931818181818182,0.39181950117424136,8.609616829975835
3890305,Bayern Munich vs Wolfsburg,Robert Lewandowski,0.22431783,2.281393311,5.0,0,0,0,0.0,0.0,0.0,0,0,0,0,0.0,0.0,0.0,0.0,93,1,0.9893617021276596,42.76661183682555,3.341681842073906,9.998334550980546
3890305,Bayern Munich vs Wolfsburg,Thiago Alcântara do Nascimento,0.4536779,0.0,0.0,0,0,0,4.0,3.0,2.0,1,0,1,0,0.0,0.0,0.0,0.0,146,8,0.948051948051948,20.705189522210652,0.9165408214563533,9.281233385979057
3890305,Bayern Munich vs Wolfsburg,Thomas Müller,0.13050686,0.251521707,0.0,0,0,3,0.0,0.0,0.0,0,0,1,0,0.0,0.0,0.0,0.0,161,9,0.9470588235294117,8.238783858375985,-0.45385095672905934,7.299872209063777
3890305,Bayern Munich vs Wolfsburg,Xabier Alonso Olano,0.0,0.0,0.0,0,0,1,-2.0,0.0,2.0,0,0,0,0,0.0,0.0,0.0,0.0,234,9,0.9629629629629629,2.888888888888889,-1.041947660625783,6.59487189118876
3890316,FSV Mainz 05 vs Bayern Munich,Arturo Erasmo Vidal Pardo,0.0,0.0,0.0,1,1,0,0.0,0.0,0.0,0,0,0,0,0.0,0.0,0.0,0.0,82,0,1.0,10.0,-0.2602461451119653,7.589347823043292
3890316,FSV Mainz 05 vs Bayern Munich,David Olatukunbo Alaba,0.0,0.044530187,0.0,0,2,0,0.0,5.0,1.0,1,0,0,0,0.0,0.0,0.0,0.0,351,11,0.9696132596685083,19.586960527005523,0.7936175136096331,9.145163732861132
3890316,FSV Mainz 05 vs Bayern Munich,Douglas Costa de Souza,0.36750343,0.038739098,0.0,1,0,4,-6.0,0.0,0.0,0,0,0,0,0.0,0.0,0.0,0.0,129,9,0.9347826086956522,4.061814551148174,-0.9130117245326864,6.722472750440493
3890316,FSV Mainz 05 vs Bayern Munich,Javier Martínez Aginaga,0.0,0.0,0.0,0,0,0,0.0,1.0,0.0,0,0,1,1,0.0,0.0,0.0,0.0,197,4,0.9800995024875622,6.940298507462686,-0.5965892645436336,7.101563280947975
3890316,FSV Mainz 05 vs Bayern Munich,Jérôme Boateng,0.0,0.024023924,0.0,0,0,0,0.0,0.0,0.0,0,0,0,0,0.0,0.0,0.0,0.0,68,3,0.9577464788732394,2.969335132619718,-1.0331044644417822,6.603110028652423
3890316,FSV Mainz 05 vs Bayern Munich,Kingsley Coman,0.0,1.084405017,1.0,1,0,2,2.0,0.0,0.0,0,0,0,1,0.0,0.0,0.0,0.0,150,3,0.9803921568627451,24.278796538588235,1.3093759180966427,9.619185910466536
3890316,FSV Mainz 05 vs Bayern Munich,Manuel Neuer,0.0,0.0,0.0,0,0,0,2.0,0.0,0.0,0,0,0,0,0.0,4.0,1.0,8.0,135,5,0.9642857142857143,18.892857142857142,0.7173169666438748,9.053642918783138
3890316,FSV Mainz 05 vs Bayern Munich,Mario Götze,0.0,0.0,0.0,0,0,0,2.0,2.0,0.0,0,0,0,1,0.0,0.0,0.0,0.0,52,1,0.9811320754716981,10.943396226415095,-0.15654163981089864,7.751212199937582
3890316,FSV Mainz 05 vs Bayern Munich,Márcio Rafael Ferreira de Souza,0.29322994,0.0,0.0,0,0,1,0.0,0.0,-2.0,0,0,0,0,0.0,0.0,0.0,0.0,250,7,0.9727626459143969,2.797977750403408,-1.0519412289473562,6.585653029113619
3890316,FSV Mainz 05 vs Bayern Munich,Philipp Lahm,0.607362,0.0,0.0,0,0,2,0.0,0.0,0.0,0,0,0,0,0.0,0.0,0.0,0.0,202,4,0.9805825242718447,6.763833430206891,-0.615987501495744,7.075805537613706
3890316,FSV Mainz 05 vs Bayern Munich,Robert Lewandowski,0.0,1.073229209,2.0,0,0,0,2.0,2.0,0.0,1,0,0,0,0.0,0.0,0.0,0.0,144,4,0.972972972972973,27.71183575491892,1.6867588497219017,9.816700537983996
3890316,FSV Mainz 05 vs Bayern Munich,Thiago Alcântara do Nascimento,0.44044998,0.0075527756,0.0,0,2,0,6.0,-1.0,1.0,0,0,0,1,0.0,0.0,0.0,0.0,288,11,0.9632107023411371,17.241193187870373,0.5357548736658383,8.815744052590128
3890316,FSV Mainz 05 vs Bayern Munich,Thomas Müller,0.59727746,0.8757037299999999,0.0,0,1,0,-4.0,0.0,0.0,0,0,0,1,0.0,0.0,0.0,0.0,108,6,0.9473684210526315,5.136752630209896,-0.7948472475112092,6.853404726730304
3890316,FSV Mainz 05 vs Bayern Munich,Xabier Alonso Olano,0.0,0.0,0.0,0,0,0,0.0,2.0,0.0,0,0,0,3,-2.0,0.0,0.0,0.0,219,9,0.9605263157894737,17.88157894736842,0.6061504153598669,8.91117024880331
3890329,Bayern Munich vs Borussia Dortmund,Arturo Erasmo Vidal Pardo,0.0,0.08285245,0.0,0,0,0,2.0,1.0,1.0,0,0,0,0,0.0,0.0,0.0,0.0,53,5,0.9137931034482759,9.072789110344827,-0.362171448530704,7.4344478282120114
3890329,Bayern Munich vs Borussia Dortmund,David Olatukunbo Alaba,0.0,0.0,0.0,0,0,3,0.0,3.0,1.0,0,0,0,0,-2.0,0.0,0.0,0.0,202,8,0.9619047619047619,20.885714285714286,0.9363853266277138,9.301850339849498
3890329,Bayern Munich vs Borussia Dortmund,Douglas Costa de Souza,0.0,0.026409651699999998,0.0,0,0,8,0.0,0.0,2.0,0,0,0,0,0.0,0.0,0.0,0.0,163,17,0.9055555555555556,12.822305273466666,0.05000077341309402,8.079756456000428
3890329,Bayern Munich vs Borussia Dortmund,Javier Martínez Aginaga,0.0,0.04517341,0.0,0,0,0,0.0,6.0,1.0,0,0,0,0,0.0,0.0,0.0,0.0,168,9,0.9491525423728814,16.028151267118645,0.40240908662676395,8.625234032377314
3890329,Bayern Munich vs Borussia Dortmund,Joshua Kimmich,0.0,0.0,0.0,0,0,0,0.0,0.0,0.0,0,0,0,0,-2.0,0.0,0.0,0.0,39,0,1.0,11.0,-0.15031936949283467,7.761025303942718
3890329,Bayern Munich vs Borussia Dortmund,Jérôme Boateng,0.3051678,0.0,0.0,2,2,1,0.0,5.0,1.0,0,0,0,0,-2.0,0.0,0.0,0.0,220,12,0.9482758620689655,37.7603309688897,2.7913575284179752,9.989502508165888
3890329,Bayern Munich vs Borussia Dortmund,Kingsley Coman,0.19218333,0.0,0.0,0,0,2,0.0,0.0,2.0,0,0,0,0,0.0,0.0,0.0,0.0,35,1,0.9722222222222222,7.493216673533121,-0.5358087533662678,7.184181463841407
3890329,Bayern Munich vs Borussia Dortmund,Manuel Neuer,0.0,0.0,0.0,0,0,0,0.0,0.0,0.0,0,0,0,0,0.0,6.0,5.0,13.0,107,3,0.9727272727272728,26.918181818181818,1.5995150314989628,9.780587577263411
3890329,Bayern Munich vs Borussia Dortmund,Mario Götze,0.0,0.71776703,1.0,1,0,6,2.0,0.0,2.0,0,1,0,0,0.0,0.0,0.0,0.0,238,15,0.9407114624505929,26.693202507351778,1.5747837812784022,9.769387277366016
3890329,Bayern Munich vs Borussia Dortmund,Philipp Lahm,0.25517124,0.0,0.0,0,0,0,0.0,0.0,0.0,0,0,0,0,0.0,0.0,0.0,0.0,168,11,0.9385474860335196,3.581156176228763,-0.9658489498619085,6.66823954077402
3890329,Bayern Munich vs Borussia Dortmund,Robert Lewandowski,0.0,1.454171865,2.0,0,2,0,2.0,0.0,0.0,0,0,0,0,0.0,0.0,0.0,0.0,139,5,0.9652777777777778,27.712520793333333,1.6868341537859735,9.816729507633534
3890329,Bayern Munich vs Borussia Dortmund,Thiago Alcântara do Nascimento,0.2978955,0.016742442,0.0,1,0,0,2.0,0.0,3.0,0,0,0,0,0.0,0.0,0.0,0.0,196,6,0.9702970297029703,14.87154733047851,0.27526734520352064,8.433778299066372
3890329,Bayern Munich vs Borussia Dortmund,Thomas Müller,0.18772055,1.19952656,2.0,0,0,0,0.0,0.0,1.0,0,0,0,0,0.0,0.0,0.0,0.0,140,10,0.9333333333333333,21.16126791116165,0.9666760481833043,9.332587991240468
3890329,Bayern Munich vs Borussia Dortmund,Xabier Alonso Olano,0.04879804,0.037078552,0.0,0,0,0,0.0,0.0,1.0,0,0,1,1,0.0,0.0,0.0,0.0,145,4,0.9731543624161074,6.214171413914971,-0.6764100746270248,6.997560645150282
3890332,Werder Bremen vs Bayern Munich,Arturo Erasmo Vidal Pardo,0.0,0.019860027,0.0,0,0,1,2.0,0.0,-1.0,1,0,0,1,0.0,0.0,0.0,0.0,299,10,0.9676375404530745,8.482352729359224,-0.42707621610067986,7.338647631232313
3890332,Werder Bremen vs Bayern Munich,David Olatukunbo Alaba,0.0,0.0,0.0,0,0,0,0.0,3.0,0.0,0,0,0,0,0.0,0.0,0.0,0.0,254,8,0.9694656488549618,8.908396946564885,-0.38024254903208504,7.407530754844193
3890332,Werder Bremen vs Bayern Munich,Joshua Kimmich,0.0,0.0,0.0,0,0,0,0.0,0.0,0.0,0,0,0,0,-2.0,0.0,0.0,0.0,48,1,0.9795918367346939,10.938775510204081,-0.15704958024502635,7.75041154699675
3890332,Werder Bremen vs Bayern Munich,Juan Bernat Velasco,0.2117246,0.034141082,0.0,0,0,2,2.0,3.0,-1.0,0,0,0,1,0.0,0.0,0.0,0.0,254,7,0.9731800766283525,14.691278355492479,0.25545095803914053,8.403250365827292
3890332,Werder Bremen vs Bayern Munich,Jérôme Boateng,0.0,0.0,0.0,0,3,0,0.0,0.0,0.0,0,0,0,0,0.0,0.0,0.0,0.0,278,14,0.952054794520548,8.856164383561644,-0.38598430626535435,7.399016583362581
3890332,Werder Bremen vs Bayern Munich,Manuel Neuer,0.0,0.0,0.0,0,0,0,0.0,0.0,0.0,0,0,0,0,0.0,6.0,2.0,14.0,79,5,0.9404761904761905,24.82142857142857,1.3690257078144348,9.658017521764265
3890332,Werder Bremen vs Bayern Munich,Miloš Pantović,0.0,0.0,0.0,0,0,0,0.0,0.0,0.0,0,0,0,0,0.0,0.0,0.0,0.0,6,0,1.0,3.0,-1.0297335744458795,6.606270180452789
3890332,Werder Bremen vs Bayern Munich,Márcio Rafael Ferreira de Souza,0.28482747,0.0,0.0,0,0,5,2.0,3.0,0.0,0,0,0,0,-2.0,0.0,0.0,0.0,243,6,0.9759036144578314,25.78219325571175,1.4746394716864168,9.719381005953757
3890332,Werder Bremen vs Bayern Munich,Philipp Lahm,0.5989508,0.0,0.0,0,1,1,2.0,0.0,-2.0,0,0,0,1,0.0,0.0,0.0,0.0,243,11,0.9566929133858267,9.666931090392465,-0.2968593364041013,7.533147804535339
3890332,Werder Bremen vs Bayern Munich,Robert Lewandowski,0.0,0.575075554,0.0,0,0,1,-2.0,0.0,-1.0,0,0,0,0,0.0,0.0,0.0,0.0,135,9,0.9375,2.112802216,-1.1272603661774374,6.5192648285932275
3890332,Werder Bremen vs Bayern Munich,Thiago Alcântara do Nascimento,0.0,0.11325566,0.0,1,2,3,-2.0,0.0,1.0,0,0,1,0,0.0,0.0,0.0,0.0,359,14,0.9624664879356568,14.34042210380697,0.21688246158553842,8.34340010813585
3890332,Werder Bremen vs Bayern Munich,Thomas Müller,0.30484286,1.09002511,1.0,0,0,1,4.0,0.0,0.0,0,0,1,1,0.0,0.0,0.0,0.0,138,8,0.9452054794520548,23.11024548667831,1.180920868813841,9.524731679618846
3890332,Werder Bremen vs Bayern Munich,Xabier Alonso Olano,0.57045543,0.043190405,0.0,0,1,0,0.0,0.0,3.0,0,1,0,1,0.0,0.0,0.0,0.0,429,16,0.9640449438202248,9.776262747275188,-0.2848408598898864,7.551532133296215
3890341,Bayern Munich vs FC Köln,Arjen Robben,0.641461,0.734224574,1.0,0,0,5,-4.0,0.0,0.0,0,0,0,0,0.0,0.0,0.0,0.0,151,13,0.9207317073170732,12.623476462194077,0.028144163289713628,8.044905658403021
3890341,Bayern Munich vs FC Köln,Arturo Erasmo Vidal Pardo,0.18985634,0.26170929,1.0,0,0,0,0.0,0.0,0.0,0,0,0,0,0.0,0.0,0.0,0.0,414,12,0.971830985915493,10.53189910940755,-0.20177619106010605,7.680183390970121
3890341,Bayern Munich vs FC Köln,David Olatukunbo Alaba,0.0,0.044198506,0.0,0,0,1,0.0,-2.0,2.0,0,0,0,0,0.0,0.0,0.0,0.0,250,1,0.9960159362549801,2.16484183276494,-1.1215398189020125,6.524116304078962
3890341,Bayern Munich vs FC Köln,Douglas Costa de Souza,1.1210779,0.413969941,0.0,1,0,3,2.0,0.0,-2.0,0,0,1,0,0.0,0.0,0.0,0.0,284,6,0.9793103448275862,17.957044364766936,0.6144460853652375,8.922158819926608
3890341,Bayern Munich vs FC Köln,Javier Martínez Aginaga,0.0,0.0,0.0,0,0,0,0.0,0.0,-1.0,0,0,0,0,0.0,0.0,0.0,0.0,70,1,0.9859154929577465,1.9577464788732395,-1.1443051434010298,6.504994221971383
3890341,Bayern Munich vs FC Köln,Joshua Kimmich,0.0,0.070489449,0.0,0,0,0,0.0,0.0,0.0,0,0,0,0,0.0,0.0,0.0,0.0,132,3,0.9777777777777777,3.215291129333333,-1.006067314778865,6.628766380406928
3890341,Bayern Munich vs FC Köln,Jérôme Boateng,0.0,0.0,0.0,0,0,1,0.0,3.0,1.0,0,0,0,0,0.0,0.0,0.0,0.0,105,5,0.9545454545454546,10.863636363636363,-0.16530938434998887,7.737400945596249
3890341,Bayern Munich vs FC Köln,Kingsley Coman,0.41492546,0.087158752,0.0,1,0,4,2.0,0.0,1.0,0,0,0,0,0.0,0.0,0.0,0.0,234,8,0.9669421487603306,17.494237822422168,0.5635712544298385,8.853908091035697
3890341,Bayern Munich vs FC Köln,Manuel Neuer,0.0,0.0,0.0,0,0,0,0.0,0.0,0.0,0,0,0,0,0.0,6.0,2.0,8.0,50,0,1.0,19.0,0.7290948354602103,9.068112692896287
3890341,Bayern Munich vs FC Köln,Márcio Rafael Ferreira de Souza,0.19193117,0.0,0.0,0,0,1,-2.0,0.0,-2.0,0,0,0,0,-2.0,0.0,0.0,0.0,224,2,0.9911504424778761,7.549244832148594,-0.5296497585457915,7.192709576276689
3890341,Bayern Munich vs FC Köln,Philipp Lahm,0.68909836,0.0,0.0,0,0,2,0.0,0.0,0.0,1,0,0,0,0.0,0.0,0.0,0.0,430,6,0.9862385321100917,8.526010670793166,-0.4222770393686778,7.345645630653868
3890341,Bayern Munich vs FC Köln,Robert Lewandowski,0.21201001,0.975743441,1.0,0,0,1,0.0,0.0,0.0,0,0,0,0,0.0,0.0,0.0,0.0,137,10,0.9319727891156463,14.33492214967656,0.21627786936192928,8.34245768293886
3890341,Bayern Munich vs FC Köln,Thiago Alcântara do Nascimento,0.0,0.0,0.0,0,0,0,0.0,0.0,0.0,0,0,0,0,0.0,0.0,0.0,0.0,58,2,0.9666666666666667,2.9,-1.0407262520077927,6.5960052315029065
3890341,Bayern Munich vs FC Köln,Thomas Müller,0.7755205,1.0731347599999999,1.0,0,0,1,0.0,-1.0,0.0,0,0,0,0,0.0,0.0,0.0,0.0,142,5,0.9659863945578231,14.51705967463172,0.23629966019949908,8.37359969881117
3890349,Eintracht Frankfurt vs Bayern Munich,Arjen Robben,0.910884,0.057658132,0.0,0,1,2,0.0,0.0,0.0,0,0,0,0,-2.0,0.0,0.0,0.0,117,7,0.9435483870967742,17.793929876637737,0.5965154356284297,8.89833810942102
3890349,Eintracht Frankfurt vs Bayern Munich,Arturo Erasmo Vidal Pardo,0.19172673,0.198418767,0.0,0,0,5,0.0,3.0,0.0,0,0,1,0,0.0,0.0,0.0,0.0,236,12,0.9516129032258065,16.223693950597646,0.42390446331752274,8.65672902208259
3890349,Eintracht Frankfurt vs Bayern Munich,David Olatukunbo Alaba,0.0,0.061211184,0.0,0,0,1,0.0,3.0,0.0,1,0,0,0,0.0,0.0,0.0,0.0,30,1,0.967741935483871,11.648070542451613,-0.07907906438738792,7.873939471109603
3890349,Eintracht Frankfurt vs Bayern Munich,Douglas Costa de Souza,0.0,0.3254655,0.0,0,0,4,6.0,0.0,0.0,0,0,0,0,0.0,0.0,0.0,0.0,158,14,0.9186046511627907,17.05767595348837,0.5155814158196846,8.787706414365918
3890349,Eintracht Frankfurt vs Bayern Munich,Javier Martínez Aginaga,0.0,0.04797632,0.0,0,0,1,0.0,0.0,2.0,1,0,0,2,0.0,0.0,0.0,0.0,234,2,0.9915254237288136,9.666481551186441,-0.2969087527995338,7.533072347153318
3890349,Eintracht Frankfurt vs Bayern Munich,Jérôme Boateng,0.0,0.0,0.0,0,2,0,2.0,0.0,-2.0,0,0,0,1,0.0,0.0,0.0,0.0,309,13,0.9596273291925466,8.878881987577639,-0.38348703330608386,7.402717365400574
3890349,Eintracht Frankfurt vs Bayern Munich,Kingsley Coman,0.0,0.0,0.0,0,0,3,6.0,0.0,0.0,0,0,0,0,0.0,0.0,0.0,0.0,89,9,0.9081632653061225,14.724489795918368,0.2591017845988254,8.408886584205833
3890349,Eintracht Frankfurt vs Bayern Munich,Manuel Neuer,0.0,0.0,0.0,0,0,0,0.0,0.0,0.0,0,0,0,0,0.0,2.0,3.0,11.0,56,2,0.9655172413793104,18.89655172413793,0.7177231000513344,9.054143925757007
3890349,Eintracht Frankfurt vs Bayern Munich,Márcio Rafael Ferreira de Souza,0.0,0.0,0.0,0,1,0,0.0,5.0,1.0,0,0,0,0,0.0,0.0,0.0,0.0,171,4,0.9771428571428571,15.931428571428572,0.39177667256036386,8.609553534782906
3890349,Eintracht Frankfurt vs Bayern Munich,Philipp Lahm,0.2843749,0.0,0.0,0,0,0,-2.0,2.0,-1.0,0,0,1,1,-2.0,0.0,0.0,0.0,258,2,0.9923076923076923,13.830047755057995,0.16077865506884992,8.2554645254125
3890349,Eintracht Frankfurt vs Bayern Munich,Robert Lewandowski,0.0,0.7831629689999999,0.0,0,2,0,0.0,0.0,-1.0,1,0,0,0,0.0,0.0,0.0,0.0,126,7,0.9473684210526315,10.474757139157894,-0.20805762360217506,7.670367949069135
3890349,Eintracht Frankfurt vs Bayern Munich,Thiago Alcântara do Nascimento,0.0,0.0,0.0,0,0,0,0.0,0.0,2.0,1,0,0,0,0.0,0.0,0.0,0.0,91,3,0.9680851063829787,6.404255319148936,-0.6555147638275627,7.0242727680156225
3890349,Eintracht Frankfurt vs Bayern Munich,Thomas Müller,0.23794578,0.0,0.0,0,0,0,0.0,0.0,-2.0,1,0,0,0,0.0,0.0,0.0,0.0,40,4,0.9090909090909091,2.9411100528456946,-1.0362071564529334,6.600211017611373
3890349,Eintracht Frankfurt vs Bayern Munich,Xabier Alonso Olano,0.21076266,0.0,0.0,0,3,2,0.0,0.0,2.0,0,0,0,0,0.0,0.0,0.0,0.0,357,14,0.9622641509433962,13.519080431956166,0.12659501991735342,8.201478122483838
3890364,Bayern Munich vs VfB Stuttgart,Arjen Robben,0.5908248,1.571397471,1.0,0,1,1,2.0,0.0,0.0,0,0,0,3,0.0,0.0,0.0,0.0,167,6,0.9653179190751445,25.954017930165865,1.4935276041209644,9.729401731875273
3890364,Bayern Munich vs VfB Stuttgart,Arturo Erasmo Vidal Pardo,0.8017977,0.274136834,0.0,0,1,0,2.0,0.0,2.0,1,0,0,0,0.0,0.0,0.0,0.0,258,5,0.9809885931558935,14.94490623909439,0.2833314534906028,8.446154463407103
3890364,Bayern Munich vs VfB Stuttgart,David Olatukunbo Alaba,0.19511749,0.019478379,0.0,0,0,2,0.0,0.0,0.0,0,0,0,0,0.0,0.0,0.0,0.0,295,12,0.9609120521172638,5.546002152763321,-0.7498597670732425,6.906678335924025
3890364,Bayern Munich vs VfB Stuttgart,Douglas Costa de Souza,0.85768455,0.12481004799999999,1.0,1,1,3,4.0,-1.0,-1.0,0,0,0,0,0.0,0.0,0.0,0.0,150,8,0.9493670886075949,24.920395056226717,1.379904774382655,9.664768067204344
3890364,Bayern Munich vs VfB Stuttgart,Holger Badstuber,0.0,0.0,0.0,0,0,0,0.0,0.0,1.0,0,0,0,0,0.0,0.0,0.0,0.0,68,2,0.9714285714285714,3.914285714285714,-0.9292290938798173,6.705540745526035
3890364,Bayern Munich vs VfB Stuttgart,Joshua Kimmich,0.36009988,0.0074063432,0.0,0,0,3,0.0,0.0,2.0,0,0,0,1,0.0,0.0,0.0,0.0,328,9,0.973293768545994,10.029806294297968,-0.2569696352866348,7.5944044273293265
3890364,Bayern Munich vs VfB Stuttgart,Jérôme Boateng,0.32795823,0.0,0.0,0,0,0,2.0,0.0,1.0,1,0,0,0,0.0,0.0,0.0,0.0,109,9,0.923728813559322,9.25506111928972,-0.3421348743017705,7.4644987869474395
3890364,Bayern Munich vs VfB Stuttgart,Kingsley Coman,1.5362242,0.20946026,0.0,0,0,2,2.0,0.0,0.0,1,0,0,0,0.0,0.0,0.0,0.0,189,8,0.9593908629441624,14.824686247698455,0.2701160574714881,8.42585806189735
3890364,Bayern Munich vs VfB Stuttgart,Manuel Neuer,0.0,0.0,0.0,0,0,0,0.0,0.0,0.0,0,0,0,0,0.0,5.0,2.0,9.0,76,2,0.9743589743589743,18.923076923076923,0.7206389296433542,9.057736609070247
3890364,Bayern Munich vs VfB Stuttgart,Medhi Amine El Mouttaqi Benatia,0.0,0.0,0.0,0,0,0,0.0,-1.0,0.0,0,0,0,0,0.0,0.0,0.0,0.0,99,3,0.9705882352941176,0.9117647058823528,-1.2592865470622994,6.415853701221316
3890364,Bayern Munich vs VfB Stuttgart,Márcio Rafael Ferreira de Souza,0.0,0.022294255,0.0,0,0,1,0.0,0.0,0.0,1,0,0,0,0.0,0.0,0.0,0.0,233,6,0.9748953974895398,5.513863212468619,-0.7533926971516548,6.902427939807668
3890364,Bayern Munich vs VfB Stuttgart,Robert Lewandowski,0.0,1.780658152,1.0,0,0,0,6.0,0.0,0.0,0,0,0,1,0.0,0.0,0.0,0.0,144,4,0.972972972972973,26.04155152691892,1.503149890170373,9.734399207959816
3890364,Bayern Munich vs VfB Stuttgart,Thiago Alcântara do Nascimento,0.0,0.024574298,0.0,0,0,0,0.0,0.0,0.0,0,0,0,0,0.0,0.0,0.0,0.0,115,4,0.9663865546218487,2.997456855865546,-1.0300131340805148,6.60600768023889
3890364,Bayern Munich vs VfB Stuttgart,Thomas Müller,0.2123801,1.050549304,1.0,2,0,2,-2.0,0.0,0.0,0,0,0,0,0.0,0.0,0.0,0.0,105,5,0.9545454545454546,22.702973853684217,1.1361508113976626,9.488213094648628
3890369,Schalke 04 vs Bayern Munich,Arjen Robben,0.36127946,0.48724813599999994,0.0,1,0,2,2.0,5.0,0.0,0,0,1,1,0.0,0.0,0.0,0.0,130,10,0.9285714285714286,27.818545173334584,1.6984890720165284,9.821169013028932
3890369,Schalke 04 vs Bayern Munich,Arturo Erasmo Vidal Pardo,1.1318814,0.099713296,0.0,0,1,1,0.0,1.0,1.0,0,0,0,0,0.0,0.0,0.0,0.0,386,6,0.9846938775510204,12.748579004580307,0.041896282395987534,8.066837239968219
3890369,Schalke 04 vs Bayern Munich,David Olatukunbo Alaba,0.0,0.04580177,0.0,0,0,4,4.0,-1.0,-3.0,0,0,0,0,0.0,0.0,0.0,0.0,275,11,0.9615384615384616,8.067822464615384,-0.4726441915005148,7.272934097653642
3890369,Schalke 04 vs Bayern Munich,Douglas Costa de Souza,0.45919144,0.09719742,0.0,0,0,1,0.0,0.0,0.0,0,0,0,0,0.0,0.0,0.0,0.0,200,14,0.9345794392523364,5.570102322364859,-0.7472105131370713,6.909872998071775
3890369,Schalke 04 vs Bayern Munich,Javier Martínez Aginaga,0.0,0.20820019,1.0,0,0,0,0.0,2.0,1.0,0,0,0,1,0.0,0.0,0.0,0.0,363,7,0.981081081081081,15.776044003243243,0.37469574799877964,8.584226490254231
3890369,Schalke 04 vs Bayern Munich,Joshua Kimmich,0.0,0.0,0.0,1,0,0,0.0,0.0,0.0,0,0,0,0,0.0,0.0,0.0,0.0,11,0,1.0,8.0,-0.48009969635022653,7.262313008275571
3890369,Schalke 04 vs Bayern Munich,Jérôme Boateng,0.0,0.0,0.0,0,0,0,0.0,0.0,0.0,0,0,0,0,0.0,0.0,0.0,0.0,43,1,0.9772727272727273,2.9318181818181817,-1.0372285818744567,6.599258681277911
3890369,Schalke 04 vs Bayern Munich,Manuel Neuer,0.0,0.0,0.0,0,0,0,0.0,0.0,0.0,0,0,0,0,0.0,2.0,1.0,4.0,74,5,0.9367088607594937,9.810126582278482,-0.2811183176978761,7.557239303944938
3890369,Schalke 04 vs Bayern Munich,Medhi Amine El Mouttaqi Benatia,0.0,0.13128906,0.0,0,0,0,4.0,0.0,2.0,0,0,1,0,0.0,0.0,0.0,0.0,302,5,0.9837133550488599,12.476296305146581,0.01196512319036518,8.019093118547218
3890369,Schalke 04 vs Bayern Munich,Márcio Rafael Ferreira de Souza,0.0,0.0,0.0,0,0,0,0.0,0.0,0.0,0,0,0,0,0.0,0.0,0.0,0.0,13,2,0.8666666666666667,2.6,-1.0737042846935319,6.5659104807816675
3890369,Schalke 04 vs Bayern Munich,Philipp Lahm,0.3634074,0.15692012,0.0,0,0,3,-2.0,3.0,0.0,1,0,0,1,0.0,0.0,0.0,0.0,217,8,0.9644444444444444,13.111236052827657,0.08176200236537016,8.130328054826892
3890369,Schalke 04 vs Bayern Munich,Robert Lewandowski,0.18958385,0.583409769,0.0,0,0,1,-2.0,0.0,0.0,0,0,0,0,0.0,0.0,0.0,0.0,169,5,0.9712643678160919,3.8161837530108977,-0.9400131261646708,6.694421655499798
3890369,Schalke 04 vs Bayern Munich,Thomas Müller,1.0787692,0.265649618,1.0,0,0,0,4.0,0.0,-2.0,0,0,1,2,0.0,0.0,0.0,0.0,154,8,0.9506172839506173,20.150757944854046,0.8555939458561129,9.21555516029817
3890369,Schalke 04 vs Bayern Munich,Xabier Alonso Olano,0.46153486,0.0,0.0,0,1,1,0.0,2.0,2.0,0,0,0,3,0.0,0.0,0.0,0.0,372,12,0.96875,16.290854573249817,0.4312872140142491,8.667480907897028
3890378,Bayern Munich vs Hertha Berlin,Arturo Erasmo Vidal Pardo,0.097479045,0.815418317,0.0,0,0,0,0.0,2.0,-2.0,0,0,0,1,0.0,0.0,0.0,0.0,336,4,0.9882352941176471,9.518816286526189,-0.313141119214581,7.508346900534937
3890378,Bayern Munich vs Hertha Berlin,Holger Badstuber,0.0,0.0,0.0,0,0,0,0.0,0.0,2.0,0,0,0,0,0.0,0.0,0.0,0.0,28,1,0.9655172413793104,4.896551724137931,-0.821251758616494,6.823005760056438
3890378,Bayern Munich vs Hertha Berlin,Javier Martínez Aginaga,0.22479449,0.373741563,0.0,1,4,2,0.0,3.0,0.0,0,0,0,1,0.0,0.0,0.0,0.0,221,7,0.9692982456140351,27.07724445031748,1.617000273771128,9.78824355637209
3890378,Bayern Munich vs Hertha Berlin,Jérôme Boateng,0.30783588,0.014445503,0.0,0,0,2,0.0,0.0,-1.0,0,0,0,0,0.0,0.0,0.0,0.0,167,5,0.9709302325581395,4.894080340499461,-0.8215234298511889,6.8226963678723855
3890378,Bayern Munich vs Hertha Berlin,Kingsley Coman,0.18144666,0.30101147,1.0,0,1,6,2.0,0.0,0.0,0,0,0,1,0.0,0.0,0.0,0.0,192,10,0.9504950495049505,22.599870983367907,1.1248170453067134,9.478666860188511
3890378,Bayern Munich vs Hertha Berlin,Manuel Neuer,0.0,0.0,0.0,0,0,0,0.0,0.0,0.0,0,0,0,0,0.0,0.0,1.0,6.0,43,1,0.9772727272727273,9.931818181818182,-0.26774115254054237,7.577797141425053
3890378,Bayern Munich vs Hertha Berlin,Medhi Amine El Mouttaqi Benatia,0.0,0.707223235,0.0,0,0,0,0.0,3.0,0.0,0,0,0,1,0.0,0.0,0.0,0.0,210,4,0.9813084112149533,12.77281817364486,0.04456081609494074,8.071085248315672
3890378,Bayern Munich vs Hertha Berlin,Márcio Rafael Ferreira de Souza,0.2204129,0.01959106,0.0,0,0,1,-2.0,0.0,2.0,2,0,0,1,0.0,0.0,0.0,0.0,361,9,0.9756756756756757,7.666629937376149,-0.5167459924224141,7.210666971084388
3890378,Bayern Munich vs Hertha Berlin,Philipp Lahm,0.5198901,0.0,0.0,0,1,0,2.0,3.0,0.0,1,0,1,0,0.0,0.0,0.0,0.0,204,5,0.9760765550239234,17.98790011337499,0.6178379583190354,8.92663568167138
3890378,Bayern Munich vs Hertha Berlin,Robert Lewandowski,0.0,0.822155219,0.0,0,1,0,2.0,0.0,0.0,0,0,0,0,0.0,0.0,0.0,0.0,132,6,0.9565217391304348,11.158186093391304,-0.13293048229854193,7.788496718877954
3890378,Bayern Munich vs Hertha Berlin,Sebastian Rode,0.0,0.076408625,0.0,0,0,0,2.0,0.0,1.0,0,0,0,0,0.0,0.0,0.0,0.0,75,2,0.974025974025974,7.227712422077922,-0.5649947796419086,7.144154629893809
3890378,Bayern Munich vs Hertha Berlin,Thomas Müller,1.1210535,0.60676388,1.0,0,1,2,2.0,0.0,-2.0,0,0,0,0,0.0,0.0,0.0,0.0,179,13,0.9322916666666666,19.587090891780395,0.7936318441889891,9.145180423223232
3890378,Bayern Munich vs Hertha Berlin,Xabier Alonso Olano,0.4515072,0.0,0.0,0,1,3,0.0,-1.0,1.0,1,0,0,1,0.0,0.0,0.0,0.0,425,18,0.9593679458239278,10.732625469666303,-0.17971098949509742,7.714758931082113
3890387,Borussia Mönchengladbach vs Bayern Munich,Arturo Erasmo Vidal Pardo,1.6593843,0.03753799,0.0,1,0,5,0.0,0.0,3.0,0,0,0,0,0.0,0.0,0.0,0.0,181,12,0.9378238341968912,20.94177621451328,0.9425480336955764,9.308175737869158
3890387,Borussia Mönchengladbach vs Bayern Munich,Franck Bilal Ribéry,0.42418647,0.63004573,1.0,0,0,2,2.0,0.0,0.0,0,0,0,0,0.0,0.0,0.0,0.0,56,6,0.9032258064516129,17.50241974372801,0.564470666657359,8.855132284429919
3890387,Borussia Mönchengladbach vs Bayern Munich,Javier Martínez Aginaga,0.19050275,0.57475358,0.0,0,0,0,0.0,0.0,3.0,0,0,0,0,0.0,0.0,0.0,0.0,118,12,0.9076923076923077,8.593599471855761,-0.41484722039990385,7.356507498533848
3890387,Borussia Mönchengladbach vs Bayern Munich,Jérôme Boateng,0.0,0.0,0.0,0,0,1,0.0,0.0,-2.0,0,0,0,0,0.0,0.0,0.0,0.0,160,15,0.9142857142857143,1.7428571428571429,-1.1679272352242152,6.4856722343926405
3890387,Borussia Mönchengladbach vs Bayern Munich,Kingsley Coman,0.0,0.329171498,0.0,0,0,13,-2.0,0.0,4.0,0,0,0,0,0.0,0.0,0.0,0.0,201,18,0.9178082191780822,18.070110649534247,0.6268750974809423,8.938517775885678
3890387,Borussia Mönchengladbach vs Bayern Munich,Manuel Neuer,0.0,0.0,0.0,0,0,0,0.0,0.0,0.0,0,0,0,0,0.0,7.0,7.0,7.0,101,14,0.8782608695652174,23.63478260869565,1.238581543329746,9.56899898663216
3890387,Borussia Mönchengladbach vs Bayern Munich,Medhi Amine El Mouttaqi Benatia,0.0,0.08376117,0.0,0,0,0,0.0,-2.0,3.0,0,0,1,0,-2.0,0.0,0.0,0.0,166,7,0.9595375722543352,11.213657396763004,-0.12683270077950035,7.798145626512769
3890387,Borussia Mönchengladbach vs Bayern Munich,Márcio Rafael Ferreira de Souza,0.1803907,0.071079317,0.0,0,0,2,0.0,-1.0,-1.0,0,0,0,2,0.0,0.0,0.0,0.0,236,11,0.9554655870445344,4.691886116326138,-0.8437499889633739,6.79761825422268
3890387,Borussia Mönchengladbach vs Bayern Munich,Philipp Lahm,0.31513584,0.0,0.0,0,0,3,0.0,-1.0,0.0,1,0,0,1,0.0,0.0,0.0,0.0,202,7,0.9665071770334929,7.344929040904251,-0.5521095346853536,7.161746619581282
3890387,Borussia Mönchengladbach vs Bayern Munich,Robert Lewandowski,0.0,0.188776423,0.0,0,0,0,2.0,0.0,0.0,0,0,0,1,0.0,0.0,0.0,0.0,141,6,0.9591836734693877,7.6326567124081635,-0.5204805595005281,7.2054573483543605
3890387,Borussia Mönchengladbach vs Bayern Munich,Sebastian Rode,0.0,0.023856396,0.0,0,0,0,0.0,0.0,0.0,0,0,0,0,0.0,0.0,0.0,0.0,63,1,0.984375,3.048550584,-1.0243965652923337,6.611296007247216
3890387,Borussia Mönchengladbach vs Bayern Munich,Thomas Müller,0.6099643,0.10799206,0.0,0,0,4,0.0,0.0,0.0,0,0,0,0,0.0,0.0,0.0,0.0,189,10,0.949748743718593,9.111107344919816,-0.35795924855645794,7.44074762090691
3890387,Borussia Mönchengladbach vs Bayern Munich,Xabier Alonso Olano,0.16529678,0.02128926,0.0,0,0,0,2.0,0.0,-2.0,0,1,0,1,0.0,0.0,0.0,0.0,114,11,0.912,4.317047359347382,-0.8849548048951316,6.7523620150096
3890399,Bayern Munich vs Ingolstadt,Arturo Erasmo Vidal Pardo,0.19425844,0.0,0.0,0,2,0,-2.0,0.0,2.0,0,0,0,0,0.0,0.0,0.0,0.0,94,7,0.9306930693069307,6.374854502701524,-0.6587467007801966,7.020116877146752
3890399,Bayern Munich vs Ingolstadt,Holger Badstuber,0.0,0.0,0.0,0,1,0,0.0,0.0,-2.0,0,0,0,1,0.0,0.0,0.0,0.0,184,5,0.9735449735449735,3.9206349206349205,-0.9285311460981086,6.706264238601495
3890399,Bayern Munich vs Ingolstadt,Javier Martínez Aginaga,0.28468573,0.044834647,0.0,0,0,1,-2.0,-2.0,1.0,0,0,1,0,-2.0,0.0,0.0,0.0,166,12,0.9325842696629213,7.831148589791193,-0.4986609874332238,7.236036465305691
3890399,Bayern Munich vs Ingolstadt,Joshua Kimmich,0.28291434,0.0,0.0,0,2,0,6.0,0.0,3.0,2,0,0,0,0.0,0.0,0.0,0.0,252,8,0.9692307692307692,22.756435329180498,1.1420276590188099,9.493114954097425
3890399,Bayern Munich vs Ingolstadt,Jérôme Boateng,0.22547917,0.005692602,0.0,1,1,0,0.0,0.0,0.0,0,0,1,1,-2.0,0.0,0.0,0.0,131,14,0.903448275862069,20.40955273272518,0.8840424224338237,9.24665337443357
3890399,Bayern Munich vs Ingolstadt,Kingsley Coman,0.544326,0.0459707,0.0,0,0,6,10.0,0.0,0.0,0,0,1,1,0.0,0.0,0.0,0.0,206,11,0.9493087557603687,27.664787029775002,1.6815869350698402,9.814702068423683
3890399,Bayern Munich vs Ingolstadt,Manuel Neuer,0.0,0.0,0.0,0,0,0,0.0,0.0,0.0,0,0,0,0,0.0,20.0,5.0,21.0,131,15,0.8972602739726028,48.69178082191781,3.9930165636035753,9.999869523981161
3890399,Bayern Munich vs Ingolstadt,Márcio Rafael Ferreira de Souza,0.0,0.014411789,0.0,0,0,0,0.0,5.0,1.0,0,0,1,0,0.0,0.0,0.0,0.0,233,15,0.9395161290322581,14.876195543096774,0.27577830822903854,8.434563309205918
3890399,Bayern Munich vs Ingolstadt,Philipp Lahm,0.7695194,0.46790235,1.0,0,0,1,2.0,3.0,1.0,0,0,0,1,0.0,0.0,0.0,0.0,208,12,0.9454545454545454,25.01653126199535,1.390472717503058,9.67122924328584
3890399,Bayern Munich vs Ingolstadt,Robert Lewandowski,0.18201207,0.600504056,1.0,0,1,1,6.0,0.0,0.0,0,1,1,4,0.0,0.0,0.0,0.0,156,6,0.9629629629629629,27.836941296722966,1.700511298544505,9.821930414011732
3890399,Bayern Munich vs Ingolstadt,Sebastian Rode,0.0,0.0,0.0,0,0,1,2.0,0.0,0.0,0,0,0,0,0.0,0.0,0.0,0.0,34,3,0.918918918918919,6.756756756756757,-0.6167654173902267,7.074778930832136
3890399,Bayern Munich vs Ingolstadt,Thiago Alcântara do Nascimento,0.19403182,0.0,0.0,0,0,1,4.0,0.0,0.0,0,0,1,0,0.0,0.0,0.0,0.0,150,6,0.9615384615384616,11.466710828817808,-0.09901535293436099,7.842252160257512
3890399,Bayern Munich vs Ingolstadt,Thomas Müller,0.0,0.130155999,0.0,1,0,1,6.0,3.0,2.0,0,1,0,0,0.0,0.0,0.0,0.0,139,9,0.9391891891891891,25.33819156356757,1.425831797299569,9.692166199749252
3890399,Bayern Munich vs Ingolstadt,Xabier Alonso Olano,0.0,0.0,0.0,0,0,0,0.0,-1.0,0.0,0,0,0,0,0.0,0.0,0.0,0.0,85,2,0.9770114942528736,0.931034482758621,-1.2571682826233912,6.417385411462334
3890407,Hannover 96 vs Bayern Munich,Arturo Erasmo Vidal Pardo,0.37926465,0.160851948,0.0,0,0,2,0.0,0.0,9.0,0,1,0,0,0.0,0.0,0.0,0.0,326,14,0.9588235294117647,14.657672398027042,0.25175676349337145,8.397541842477438
3890407,Hannover 96 vs Bayern Munich,Holger Badstuber,0.0,0.0,0.0,0,0,1,0.0,0.0,-2.0,0,0,0,0,0.0,0.0,0.0,0.0,173,5,0.9719101123595506,1.915730337078652,-1.148923842392465,6.501174770677918
3890407,Hannover 96 vs Bayern Munich,Javier Martínez Aginaga,0.0,0.09552431,0.0,0,0,0,0.0,0.0,-1.0,0,0,0,0,0.0,0.0,0.0,0.0,247,5,0.9801587301587301,2.32257343047619,-1.1042008929523608,6.539012004804221
3890407,Hannover 96 vs Bayern Munich,Joshua Kimmich,0.0,0.0,0.0,0,1,0,2.0,0.0,1.0,0,0,0,0,0.0,0.0,0.0,0.0,60,1,0.9836065573770492,8.950819672131146,-0.3755791555976107,7.414459579060088
3890407,Hannover 96 vs Bayern Munich,Jérôme Boateng,0.0,0.0,0.0,0,0,2,2.0,-1.0,0.0,1,0,0,0,0.0,0.0,0.0,0.0,322,15,0.9554896142433235,7.3664688427299705,-0.5497417337231773,7.164993055643364
3890407,Hannover 96 vs Bayern Munich,Kingsley Coman,0.30317217,0.0571864646,0.0,0,0,8,6.0,0.0,1.0,0,0,2,0,0.0,0.0,0.0,0.0,215,7,0.9684684684684685,24.043667777153033,1.283528971496751,9.601386367508631
3890407,Hannover 96 vs Bayern Munich,Manuel Neuer,0.0,0.0,0.0,0,0,0,0.0,0.0,0.0,0,0,0,0,0.0,-1.0,1.0,5.0,73,2,0.9733333333333334,7.92,-0.488893838399757,7.2498337163226445
3890407,Hannover 96 vs Bayern Munich,Márcio Rafael Ferreira de Souza,0.23961942,0.0,0.0,0,0,2,-4.0,-1.0,6.0,0,0,0,0,0.0,0.0,0.0,0.0,289,8,0.9730639730639731,3.6380501612268312,-0.9595947775389477,6.674518396960247
3890407,Hannover 96 vs Bayern Munich,Robert Lewandowski,0.0,0.409623063,0.0,0,0,1,2.0,0.0,0.0,0,0,0,0,0.0,0.0,0.0,0.0,141,3,0.9791666666666666,8.575992251999999,-0.4167827253062649,7.3536746779757545
3890407,Hannover 96 vs Bayern Munich,Sebastian Rode,0.0,0.0,0.0,0,0,0,0.0,0.0,0.0,0,0,0,0,0.0,0.0,0.0,0.0,16,0,1.0,3.0,-1.0297335744458795,6.606270180452789
3890407,Hannover 96 vs Bayern Munich,Thiago Alcântara do Nascimento,1.081598,0.336348167,0.0,0,0,2,0.0,0.0,-1.0,0,0,0,0,0.0,0.0,0.0,0.0,299,6,0.980327868852459,8.531170404882694,-0.42170984643716386,7.34647363309039
3890407,Hannover 96 vs Bayern Munich,Thomas Müller,0.5927197,1.67473078,1.0,0,0,1,0.0,0.0,1.0,0,0,0,0,0.0,0.0,0.0,0.0,191,8,0.9597989949748744,19.35647912725586,0.7682814364949687,9.115359998341326
3890407,Hannover 96 vs Bayern Munich,Xabier Alonso Olano,0.71483815,0.0,0.0,0,0,0,0.0,0.0,0.0,1,0,0,0,0.0,0.0,0.0,0.0,351,11,0.9696132596685083,6.553354339704988,-0.6391247892498654,7.04548350935207
3890412,Hamburger SV vs Bayern Munich,Arjen Robben,0.0,0.0,0.0,0,0,0,0.0,0.0,0.0,0,0,0,0,0.0,0.0,0.0,0.0,19,0,1.0,3.0,-1.0297335744458795,6.606270180452789
3890412,Hamburger SV vs Bayern Munich,Arturo Erasmo Vidal Pardo,0.20301943,0.0,0.0,0,0,1,0.0,0.0,-1.0,0,0,0,0,0.0,0.0,0.0,0.0,38,5,0.8837209302325582,3.2602210516153383,-1.001128313293586,6.633529556686613
3890412,Hamburger SV vs Bayern Munich,David Olatukunbo Alaba,0.32530266,0.11025027400000001,0.0,0,0,1,0.0,0.0,0.0,0,0,0,0,0.0,0.0,0.0,0.0,188,9,0.9543147208121827,5.27985323983227,-0.7791166589062898,6.871821995441696
3890412,Hamburger SV vs Bayern Munich,Douglas Costa de Souza,0.6035572,0.147416108,0.0,0,0,1,4.0,3.0,0.0,0,0,0,0,0.0,0.0,0.0,0.0,142,7,0.9530201342281879,18.25939652181072,0.6476826830905498,8.96561958643283
3890412,Hamburger SV vs Bayern Munich,Holger Badstuber,0.0,0.0,0.0,0,0,0,0.0,0.0,0.0,2,0,0,0,0.0,0.0,0.0,0.0,195,7,0.9653465346534653,5.896039603960396,-0.7113812787172092,6.953695993974295
3890412,Hamburger SV vs Bayern Munich,Javier Martínez Aginaga,0.1961172,0.0,0.0,0,0,0,0.0,0.0,0.0,1,0,0,1,0.0,0.0,0.0,0.0,40,2,0.9523809523809523,5.94549446446555,-0.7059448653631838,6.960444850409848
3890412,Hamburger SV vs Bayern Munich,Jérôme Boateng,0.0,0.018209899,0.0,0,0,0,0.0,7.0,1.0,1,0,0,0,0.0,0.0,0.0,0.0,115,7,0.9426229508196722,19.400708448459017,0.7731434231626547,9.121124990174042
3890412,Hamburger SV vs Bayern Munich,Kingsley Coman,0.71237737,0.040942144,0.0,0,0,6,4.0,3.0,1.0,0,0,1,0,0.0,0.0,0.0,0.0,147,8,0.9483870967741935,25.14606203413874,1.404711617628237,9.679785900588854
3890412,Hamburger SV vs Bayern Munich,Manuel Neuer,0.0,0.0,0.0,0,0,0,0.0,0.0,0.0,0,0,0,0,0.0,0.0,1.0,9.0,122,10,0.9242424242424242,12.772727272727273,0.04455082365016969,8.07106931850081
3890412,Hamburger SV vs Bayern Munich,Philipp Lahm,0.18154313,0.0,0.0,0,1,0,0.0,2.0,-1.0,1,0,0,0,-2.0,0.0,0.0,0.0,258,7,0.9735849056603774,17.96538411198922,0.6153628468868617,8.923369756576164
3890412,Hamburger SV vs Bayern Munich,Robert Lewandowski,0.0,1.760438308,2.0,0,0,0,-4.0,0.0,-2.0,0,0,2,1,0.0,0.0,0.0,0.0,182,4,0.978494623655914,16.97723710296774,0.5067390323474427,8.775324120998953
3890412,Hamburger SV vs Bayern Munich,Thiago Alcântara do Nascimento,0.4078608,0.307364105,0.0,0,0,1,8.0,3.0,-1.0,0,0,0,0,0.0,0.0,0.0,0.0,196,7,0.9655172413793104,23.34959053110845,1.207231297808464,9.545313839242327
3890412,Hamburger SV vs Bayern Munich,Thomas Müller,0.0,0.11747429,0.0,0,0,0,0.0,0.0,2.0,0,0,0,0,0.0,0.0,0.0,0.0,142,3,0.9793103448275862,5.407828194482759,-0.765048784781557,6.888484990561503
3890412,Hamburger SV vs Bayern Munich,Xabier Alonso Olano,0.4515981,0.0,0.0,0,0,3,0.0,0.0,1.0,0,0,0,4,-2.0,0.0,0.0,0.0,239,15,0.9409448818897638,20.177628909509014,0.8585477843584092,9.218819886854583
3890428,Bayern Munich vs Hoffenheim,Arjen Robben,0.0,0.28513865,0.0,0,0,2,-2.0,0.0,3.0,0,0,0,0,0.0,0.0,0.0,0.0,240,11,0.9561752988047809,6.0090804964143425,-0.698955057896638,6.969160235230557
3890428,Bayern Munich vs Hoffenheim,Arturo Erasmo Vidal Pardo,0.0,0.04991902,0.0,0,0,0,-2.0,0.0,1.0,0,0,0,0,0.0,0.0,0.0,0.0,62,0,1.0,1.1996760800000001,-1.2276373780414733,6.439166247643138
3890428,Bayern Munich vs Hoffenheim,David Olatukunbo Alaba,0.21466468,0.146976476,0.0,0,1,1,0.0,6.0,-2.0,1,0,0,2,0.0,0.0,0.0,0.0,359,8,0.9782016348773842,20.66650484196879,0.9122883392915083,9.276766097844115
3890428,Bayern Munich vs Hoffenheim,Douglas Costa de Souza,0.6704562,0.009705181,0.0,1,0,8,-6.0,-1.0,0.0,0,0,0,0,-2.0,0.0,0.0,0.0,245,19,0.928030303030303,14.83428014619821,0.2711706837991834,8.427480481116328
3890428,Bayern Munich vs Hoffenheim,Holger Badstuber,0.22283192,0.15005708,0.0,0,0,0,0.0,0.0,0.0,1,0,0,0,0.0,0.0,0.0,0.0,279,7,0.9755244755244755,5.695297520842531,-0.7334482086454237,6.926570210354688
3890428,Bayern Munich vs Hoffenheim,Joshua Kimmich,0.19656865,0.0,0.0,0,0,0,-2.0,0.0,0.0,2,0,0,0,0.0,0.0,0.0,0.0,328,1,0.9969604863221885,3.580587403027845,-0.965911473265944,6.668176961478082
3890428,Bayern Munich vs Hoffenheim,Juan Bernat Velasco,0.0,0.0,0.0,0,0,0,0.0,0.0,0.0,0,0,0,0,0.0,0.0,0.0,0.0,4,0,1.0,3.0,-1.0297335744458795,6.606270180452789
3890428,Bayern Munich vs Hoffenheim,Kingsley Coman,0.42546195,0.0,0.0,0,0,2,0.0,3.0,0.0,0,0,2,3,0.0,0.0,0.0,0.0,122,6,0.953125,17.13576078414917,0.5241650294789921,8.799672476662888
3890428,Bayern Munich vs Hoffenheim,Manuel Neuer,0.0,0.0,0.0,0,0,0,0.0,0.0,0.0,0,0,0,0,0.0,2.0,2.0,9.0,76,1,0.987012987012987,15.96103896103896,0.39503164721506007,8.61436093540738
3890428,Bayern Munich vs Hoffenheim,Philipp Lahm,1.2177107,0.0,0.0,1,0,3,0.0,2.0,-2.0,0,0,0,0,0.0,0.0,0.0,0.0,259,5,0.9810606060606061,16.59631401842291,0.4648653859045357,8.715944280376991
3890428,Bayern Munich vs Hoffenheim,Robert Lewandowski,0.23229055,1.986730281,2.0,0,0,0,-2.0,0.0,0.0,0,0,0,0,0.0,0.0,0.0,0.0,137,2,0.9856115107913669,20.600627294672133,0.90504663293149,9.269118634448692
3890428,Bayern Munich vs Hoffenheim,Thiago Alcântara do Nascimento,0.19676201,0.0,0.0,0,0,1,2.0,0.0,1.0,0,0,1,0,0.0,0.0,0.0,0.0,111,2,0.9823008849557522,9.53718867133149,-0.31112150219250023,7.511416510779492
3890428,Bayern Munich vs Hoffenheim,Thomas Müller,0.731635,0.2709086756,0.0,0,0,4,-2.0,0.0,0.0,0,0,0,0,0.0,0.0,0.0,0.0,187,11,0.9444444444444444,7.111872839963069,-0.577728651392862,7.126894664469748
3890428,Bayern Munich vs Hoffenheim,Xabier Alonso Olano,0.82636446,0.05434501,0.0,0,0,0,0.0,6.0,-1.0,0,0,0,0,0.0,0.0,0.0,0.0,245,9,0.9645669291338582,16.59017414061874,0.4641904489348278,8.714977392994168
3890431,Bayer Leverkusen vs Bayern Munich,Arjen Robben,0.0,0.047412183,0.0,0,0,1,0.0,3.0,0.0,0,0,0,0,0.0,0.0,0.0,0.0,70,8,0.8974358974358975,9.881956424307692,-0.2732222947703735,7.56936468600183
3890431,Bayer Leverkusen vs Bayern Munich,Arturo Erasmo Vidal Pardo,0.0,0.0,0.0,0,0,1,-4.0,0.0,1.0,0,1,0,0,0.0,0.0,0.0,0.0,67,4,0.9436619718309859,-2.1690140845070425,-1.5,6.267228805075432
3890431,Bayer Leverkusen vs Bayern Munich,David Olatukunbo Alaba,0.5319138,0.0,0.0,0,1,1,2.0,3.0,0.0,0,0,0,0,0.0,0.0,0.0,0.0,163,7,0.9588235294117647,16.472212098626528,0.4512232620131756,8.696342708715704
3890431,Bayer Leverkusen vs Bayern Munich,Douglas Costa de Souza,0.20021372,0.0,0.0,0,0,6,10.0,0.0,3.0,0,0,3,0,0.0,0.0,0.0,0.0,162,19,0.8950276243093923,30.28572400432924,1.9696980857835469,9.902254034981894
3890431,Bayer Leverkusen vs Bayern Munich,Holger Badstuber,0.0,0.028964411,0.0,0,0,0,0.0,0.0,0.0,0,0,0,0,0.0,0.0,0.0,0.0,145,9,0.9415584415584416,2.940532968675325,-1.0362705934550431,6.600151842108961
3890431,Bayer Leverkusen vs Bayern Munich,Joshua Kimmich,0.0,0.0,0.0,0,0,0,0.0,0.0,0.0,0,0,0,1,0.0,0.0,0.0,0.0,161,7,0.9583333333333334,3.875,-0.9335476457791403,6.7010745643753005
3890431,Bayer Leverkusen vs Bayern Munich,Kingsley Coman,0.19694416,0.0,0.0,0,0,3,6.0,0.0,0.0,1,0,0,1,0.0,0.0,0.0,0.0,131,10,0.9290780141843972,17.878066514400725,0.6057643049291497,8.910657448200405
3890431,Bayer Leverkusen vs Bayern Munich,Manuel Neuer,0.0,0.0,0.0,0,0,0,0.0,0.0,0.0,0,0,0,0,0.0,8.0,2.0,12.0,113,11,0.9112903225806451,24.733870967741936,1.3594007827602255,9.651960753574059
3890431,Bayer Leverkusen vs Bayern Munich,Philipp Lahm,0.19358037,0.0,0.0,0,0,1,2.0,0.0,3.0,0,0,1,1,0.0,0.0,0.0,0.0,186,10,0.9489795918367347,12.42767988297404,0.006620876658799298,8.010565313339823
3890431,Bayer Leverkusen vs Bayern Munich,Robert Lewandowski,0.0,0.11417318,0.0,0,0,1,-6.0,0.0,1.0,0,0,1,1,0.0,0.0,0.0,0.0,144,8,0.9473684210526315,-1.7012020168421058,-1.5,6.267228805075432
3890431,Bayer Leverkusen vs Bayern Munich,Sebastian Rode,0.0,0.028516978,0.0,0,0,0,0.0,0.0,1.0,0,0,0,0,0.0,0.0,0.0,0.0,22,2,0.9166666666666666,3.864067912,-0.934749374963765,6.699834949673111
3890431,Bayer Leverkusen vs Bayern Munich,Thiago Alcântara do Nascimento,0.0,0.12271783,0.0,0,0,0,4.0,0.0,-1.0,2,1,1,0,0.0,0.0,0.0,0.0,100,3,0.970873786407767,11.403492679223302,-0.10596472027989294,7.831220687370024
3890431,Bayer Leverkusen vs Bayern Munich,Thomas Müller,0.0,0.51862042,0.0,0,0,0,4.0,0.0,0.0,0,0,0,1,0.0,0.0,0.0,0.0,60,2,0.967741935483871,11.977707486451614,-0.04284313800852393,7.931653152765032
3890431,Bayer Leverkusen vs Bayern Munich,Xabier Alonso Olano,0.0,0.0,0.0,0,0,1,0.0,0.0,3.0,1,0,0,2,-2.0,0.0,0.0,0.0,198,10,0.9519230769230769,18.35576923076923,0.6582766242440395,8.97927920840725
3890446,Augsburg vs Bayern Munich,Arjen Robben,0.20748289,0.21910465099999998,0.0,0,0,0,-4.0,0.0,-2.0,0,0,0,0,0.0,0.0,0.0,0.0,257,12,0.9553903345724907,-3.634961709497494,-1.5,6.267228805075432
3890446,Augsburg vs Bayern Munich,Arturo Erasmo Vidal Pardo,0.202121,0.086763805,0.0,0,0,0,0.0,0.0,1.0,0,1,0,1,0.0,0.0,0.0,0.0,148,5,0.9673202614379085,4.855379002799291,-0.8257777431167157,6.8178603637007535
3890446,Augsburg vs Bayern Munich,David Olatukunbo Alaba,0.0,0.0,0.0,0,0,0,0.0,0.0,0.0,0,0,0,1,0.0,0.0,0.0,0.0,212,3,0.986046511627907,3.958139534883721,-0.9244083847828987,6.7105474616523395
3890446,Augsburg vs Bayern Munich,Douglas Costa de Souza,0.0,0.11493819999999999,0.0,1,0,5,-2.0,0.0,0.0,0,0,0,0,0.0,0.0,0.0,0.0,163,8,0.9532163742690059,10.319401922807018,-0.2251353216112394,7.6437480071159065
3890446,Augsburg vs Bayern Munich,Joshua Kimmich,0.0,0.0,0.0,0,0,0,0.0,0.0,0.0,1,0,0,0,0.0,0.0,0.0,0.0,341,8,0.9770773638968482,4.4312320916905446,-0.8724028454437142,6.765977297545743
3890446,Augsburg vs Bayern Munich,Juan Bernat Velasco,0.18655376,0.020957386,0.0,0,0,1,0.0,0.0,0.0,0,0,0,0,0.0,0.0,0.0,0.0,211,4,0.9813953488372092,4.587676859699554,-0.8552053765340007,6.784874920513534
3890446,Augsburg vs Bayern Munich,Kingsley Coman,0.42468947,0.0712748,0.0,0,0,1,0.0,0.0,0.0,0,0,0,0,0.0,0.0,0.0,0.0,23,2,0.92,5.319167555560303,-0.7747949629426346,6.87692165234094
3890446,Augsburg vs Bayern Munich,Manuel Neuer,0.0,0.0,0.0,0,0,0,0.0,0.0,0.0,0,0,0,0,0.0,0.0,2.0,3.0,117,7,0.9435483870967742,7.830645161290323,-0.49871632770507923,7.235958480693625
3890446,Augsburg vs Bayern Munich,Márcio Rafael Ferreira de Souza,0.0,0.041887254,0.0,0,0,0,2.0,0.0,2.0,0,0,0,1,0.0,0.0,0.0,0.0,85,1,0.9883720930232558,9.132665295069767,-0.35558945260751584,7.4442960873029556
3890446,Augsburg vs Bayern Munich,Philipp Lahm,0.7894118,0.05821686,0.0,0,0,1,2.0,2.0,0.0,0,0,0,0,0.0,0.0,0.0,0.0,220,5,0.9777777777777777,13.534436122988485,0.12828302151993984,8.204149998102508
3890446,Augsburg vs Bayern Munich,Robert Lewandowski,0.2580678,0.684120814,2.0,0,0,0,0.0,0.0,0.0,0,0,0,0,0.0,0.0,0.0,0.0,107,10,0.9145299145299145,18.254276359670463,0.647119840175824,8.96489122878797
3890446,Augsburg vs Bayern Munich,Sebastian Rode,0.0,0.0,0.0,0,0,0,0.0,0.0,0.0,0,0,0,0,0.0,0.0,0.0,0.0,46,2,0.9583333333333334,2.875,-1.043474421398271,6.593457242777248
3890446,Augsburg vs Bayern Munich,Thiago Alcântara do Nascimento,0.8004444,0.02727597,0.0,1,1,0,4.0,2.0,5.0,0,1,1,0,0.0,0.0,0.0,0.0,279,7,0.9755244755244755,27.437010638635194,1.6565482108296792,9.804778299418565
3890446,Augsburg vs Bayern Munich,Thomas Müller,1.0367411,0.49905799500000003,1.0,0,0,6,0.0,2.0,0.0,0,0,2,2,-2.0,0.0,0.0,0.0,232,10,0.9586776859504132,35.982488331155686,2.5959250196936656,9.98113267017322
3890453,Bayern Munich vs Darmstadt 98,Arjen Robben,0.7740518,0.968363825,0.0,0,0,1,0.0,0.0,0.0,0,0,0,0,0.0,0.0,0.0,0.0,190,8,0.9595959595959596,10.074398654404334,-0.25206774092289486,7.601977408059112
3890453,Bayern Munich vs Darmstadt 98,Arturo Erasmo Vidal Pardo,0.13215719,0.070350491,0.0,1,1,0,0.0,-1.0,2.0,3,1,0,3,0.0,0.0,0.0,0.0,399,10,0.9755501222493888,17.10452389074954,0.5207312585072122,8.794892008397856
3890453,Bayern Munich vs Darmstadt 98,David Olatukunbo Alaba,0.63555866,0.020635847,0.0,0,0,0,2.0,3.0,0.0,0,0,0,1,0.0,0.0,0.0,0.0,325,6,0.9818731117824774,14.934838777348286,0.28222476988218465,8.444457667259808
3890453,Bayern Munich vs Darmstadt 98,Douglas Costa de Souza,0.20405893,0.128535614,0.0,0,0,6,-2.0,0.0,0.0,0,0,0,0,0.0,0.0,0.0,0.0,226,18,0.9262295081967213,6.905007756522476,-0.6004686630036687,7.096387878671122
3890453,Bayern Munich vs Darmstadt 98,Franck Bilal Ribéry,0.63999224,0.0,0.0,1,1,4,-2.0,0.0,0.0,0,0,0,0,0.0,0.0,0.0,0.0,129,9,0.9347826086956522,12.72432453736015,0.0392300670201158,8.062586075868373
3890453,Bayern Munich vs Darmstadt 98,Joshua Kimmich,0.0,0.017367769,0.0,0,0,0,0.0,-1.0,-1.0,0,0,0,1,-2.0,0.0,0.0,0.0,225,5,0.9782608695652174,9.004253684695652,-0.3697053268880025,7.423204124621266
3890453,Bayern Munich vs Darmstadt 98,Juan Bernat Velasco,0.42755288,0.0,0.0,0,0,2,0.0,0.0,0.0,0,0,0,0,0.0,0.0,0.0,0.0,117,2,0.9831932773109243,6.232238408898105,-0.6744240281234019,7.000083541591602
3890453,Bayern Munich vs Darmstadt 98,Kingsley Coman,0.26970643,0.0590483,0.0,0,0,2,2.0,0.0,-2.0,0,0,0,0,0.0,0.0,0.0,0.0,95,4,0.9595959595959596,6.924100362940863,-0.5983698743419303,7.099186324861247
3890453,Bayern Munich vs Darmstadt 98,Manuel Neuer,0.0,0.0,0.0,0,0,0,0.0,0.0,0.0,0,0,0,0,0.0,11.0,5.0,13.0,76,2,0.9743589743589743,31.923076923076923,2.1496870126920524,9.93684003912876
3890453,Bayern Munich vs Darmstadt 98,Márcio Rafael Ferreira de Souza,0.46347773,0.0757038635,0.0,1,0,3,-2.0,0.0,0.0,0,0,0,1,-2.0,0.0,0.0,0.0,322,3,0.9907692307692307,18.665556338560805,0.6923305221319435,9.022540426917345
3890453,Bayern Munich vs Darmstadt 98,Robert Lewandowski,0.6861874,1.50400168,1.0,0,0,0,0.0,0.0,-2.0,0,0,0,0,0.0,0.0,0.0,0.0,177,1,0.9943820224719101,15.05771506616329,0.2957321641116631,8.465130736280178
3890453,Bayern Munich vs Darmstadt 98,Serdar Taşçı,0.0,0.03885258,0.0,0,0,0,0.0,0.0,0.0,1,1,0,0,0.0,0.0,0.0,0.0,130,3,0.9774436090225563,3.587741147067669,-0.9651250852500415,6.668964327623286
3890453,Bayern Munich vs Darmstadt 98,Thomas Müller,0.67346853,0.481134565,2.0,0,1,2,0.0,3.0,0.0,0,0,0,2,0.0,0.0,0.0,0.0,140,11,0.9271523178807947,30.726400744571947,2.018140258928777,9.912846688265285
3890453,Bayern Munich vs Darmstadt 98,Xabier Alonso Olano,0.0,0.0,0.0,0,0,0,0.0,0.0,0.0,0,0,0,0,0.0,0.0,0.0,0.0,59,1,0.9833333333333333,2.9499999999999997,-1.0352299132268363,6.601123104230023
3890458,Wolfsburg vs Bayern Munich,Arjen Robben,0.0,0.0,0.0,0,0,1,-2.0,0.0,0.0,0,0,0,0,0.0,0.0,0.0,0.0,133,6,0.9568345323741008,0.8705035971223021,-1.2638222477067622,6.412587668037314
3890458,Wolfsburg vs Bayern Munich,David Olatukunbo Alaba,0.0,0.0,0.0,0,2,0,0.0,0.0,0.0,0,0,1,0,0.0,0.0,0.0,0.0,300,4,0.9868421052631579,7.9605263157894735,-0.4844389111772975,7.2561488179034
3890458,Wolfsburg vs Bayern Munich,Douglas Costa de Souza,0.0,0.090529909,0.0,0,0,5,4.0,0.0,-1.0,0,0,1,0,0.0,0.0,0.0,0.0,92,9,0.9108910891089109,14.094792903326733,0.18988123557884087,8.301195606402068
3890458,Wolfsburg vs Bayern Munich,Franck Bilal Ribéry,0.0,0.0,0.0,1,0,4,-2.0,0.0,1.0,0,0,1,0,0.0,0.0,0.0,0.0,108,5,0.9557522123893806,10.867256637168142,-0.1649114193537812,7.738027408243521
3890458,Wolfsburg vs Bayern Munich,Joshua Kimmich,0.0,0.0,0.0,0,1,1,0.0,0.0,0.0,0,0,0,1,0.0,0.0,0.0,0.0,278,10,0.9652777777777778,6.895833333333334,-0.6014771777630166,7.095044416101171
3890458,Wolfsburg vs Bayern Munich,Juan Bernat Velasco,0.3036046,0.0,0.0,0,0,3,2.0,-1.0,0.0,0,0,0,0,-2.0,0.0,0.0,0.0,211,9,0.9590909090909091,15.788086535713889,0.37601954476356647,8.586195268220644
3890458,Wolfsburg vs Bayern Munich,Kingsley Coman,0.39892057,0.10962057,1.0,0,0,5,2.0,0.0,-1.0,0,0,0,0,0.0,0.0,0.0,0.0,197,9,0.9563106796116505,17.50417604616802,0.5646637313216014,8.855394984495529
3890458,Wolfsburg vs Bayern Munich,Manuel Neuer,0.0,0.0,0.0,0,0,0,0.0,0.0,0.0,0,0,0,0,0.0,15.0,8.0,28.0,107,4,0.963963963963964,53.89189189189189,4.564648006387173,9.999989993337767
3890458,Wolfsburg vs Bayern Munich,Philipp Lahm,0.0,0.125840793,0.0,0,0,1,0.0,0.0,2.0,0,0,0,0,0.0,0.0,0.0,0.0,242,4,0.983739837398374,6.454582684195122,-0.6499824388626284,7.031407130400843
3890458,Wolfsburg vs Bayern Munich,Robert Lewandowski,0.0,0.492171678,1.0,0,0,1,0.0,-1.0,2.0,0,0,0,0,0.0,0.0,0.0,0.0,139,5,0.9652777777777778,11.864520045333334,-0.05528546845123661,7.911822077912044
3890458,Wolfsburg vs Bayern Munich,Sebastian Rode,0.0,0.0,0.0,0,0,0,0.0,0.0,0.0,0,0,0,0,0.0,0.0,0.0,0.0,19,0,1.0,3.0,-1.0297335744458795,6.606270180452789
3890458,Wolfsburg vs Bayern Munich,Thiago Alcântara do Nascimento,0.17002885,0.0,0.0,0,1,0,2.0,0.0,0.0,0,0,0,0,0.0,0.0,0.0,0.0,143,2,0.9862068965517241,8.468707226062643,-0.42857622227977327,7.336463305171668
3890458,Wolfsburg vs Bayern Munich,Thomas Müller,0.779376,0.142743226,0.0,0,0,4,0.0,0.0,2.0,0,0,0,0,0.0,0.0,0.0,0.0,190,10,0.95,11.759100755486205,-0.06687387107219005,7.893364228650199
3890458,Wolfsburg vs Bayern Munich,Xabier Alonso Olano,0.0,0.099172345,0.0,0,1,1,2.0,-2.0,0.0,0,1,0,1,0.0,0.0,0.0,0.0,298,12,0.9612903225806452,5.280560347741935,-0.7790389288137655,6.871913566676968
3890474,Bayern Munich vs FSV Mainz 05,Arjen Robben,0.53871256,0.109669335,1.0,0,1,5,6.0,0.0,0.0,0,0,0,0,0.0,0.0,0.0,0.0,229,10,0.9581589958158996,26.929292070443914,1.60073634570645,9.781129345115456
3890474,Bayern Munich vs FSV Mainz 05,Arturo Erasmo Vidal Pardo,0.9411487,0.182627178,0.0,1,0,0,0.0,3.0,-2.0,1,0,0,2,0.0,0.0,0.0,0.0,327,9,0.9732142857142857,18.97359760452799,0.7261925052573509,9.064558468240493
3890474,Bayern Munich vs FSV Mainz 05,David Olatukunbo Alaba,0.0,0.025040528,0.0,0,0,0,0.0,3.0,0.0,0,0,0,1,0.0,0.0,0.0,0.0,396,9,0.9777777777777777,10.033495445333333,-0.25656409880854514,7.595030584892202
3890474,Bayern Munich vs FSV Mainz 05,Douglas Costa de Souza,0.0,0.0,0.0,0,0,4,-4.0,0.0,0.0,0,0,0,0,0.0,0.0,0.0,0.0,69,11,0.8625,0.5875000000000004,-1.2949319206270322,6.390687431434978
3890474,Bayern Munich vs FSV Mainz 05,Franck Bilal Ribéry,0.9392108,0.0,0.0,0,0,4,-4.0,0.0,-1.0,0,0,0,0,0.0,0.0,0.0,0.0,307,20,0.9388379204892966,2.63414595980163,-1.0699507294321182,6.569282973916231
3890474,Bayern Munich vs FSV Mainz 05,Juan Bernat Velasco,0.21226813,0.088084756,0.0,0,0,3,0.0,0.0,2.0,0,0,1,1,0.0,0.0,0.0,0.0,318,13,0.9607250755287009,10.871318652460644,-0.1644648951101608,7.7387303601102815
3890474,Bayern Munich vs FSV Mainz 05,Kingsley Coman,0.0,0.0076826257,0.0,0,0,3,2.0,3.0,1.0,0,0,0,0,0.0,0.0,0.0,0.0,97,6,0.941747572815534,15.855973221246604,0.3834821092116477,8.59727533393029
3890474,Bayern Munich vs FSV Mainz 05,Manuel Neuer,0.0,0.0,0.0,0,0,0,0.0,0.0,0.0,0,0,0,0,0.0,3.0,4.0,1.0,69,1,0.9857142857142858,10.957142857142857,-0.15503051701936882,7.753594518094213
3890474,Bayern Munich vs FSV Mainz 05,Medhi Amine El Mouttaqi Benatia,0.0,0.12822107,0.0,0,0,0,0.0,3.0,-1.0,0,0,0,0,0.0,0.0,0.0,0.0,252,9,0.9655172413793104,8.40943600413793,-0.4350917165929628,7.326991711483188
3890474,Bayern Munich vs FSV Mainz 05,Márcio Rafael Ferreira de Souza,0.18936159,0.0,0.0,0,0,5,2.0,-1.0,0.0,0,0,0,0,-2.0,0.0,0.0,0.0,379,13,0.9668367346938775,17.468594980483154,0.5607524194977715,8.850067346294082
3890474,Bayern Munich vs FSV Mainz 05,Robert Lewandowski,0.18132721,0.17649810500000002,0.0,0,0,0,6.0,0.0,0.0,0,0,1,0,0.0,0.0,0.0,0.0,123,6,0.9534883720930233,14.110439148007737,0.19160117680717167,8.303890758732022
3890474,Bayern Munich vs FSV Mainz 05,Thiago Alcântara do Nascimento,0.24302424,0.0,0.0,0,0,1,2.0,-1.0,-1.0,0,0,0,0,0.0,0.0,0.0,0.0,210,9,0.958904109589041,4.605785078381839,-0.8532147984420512,6.78708039669637
3890474,Bayern Munich vs FSV Mainz 05,Thomas Müller,0.0,0.19601674,0.0,0,0,1,-2.0,2.0,0.0,0,0,0,0,0.0,0.0,0.0,0.0,80,4,0.9523809523809523,5.641209817142856,-0.7393938955137719,6.919335696014367
3890481,Borussia Dortmund vs Bayern Munich,Arjen Robben,0.4667005,0.448066233,0.0,0,0,1,4.0,0.0,0.0,0,0,0,0,0.0,0.0,0.0,0.0,178,8,0.956989247311828,13.063334097199034,0.07649629483726499,8.121951476736921
3890481,Borussia Dortmund vs Bayern Munich,Arturo Erasmo Vidal Pardo,0.0,0.47202778500000003,0.0,0,0,0,0.0,3.0,5.0,0,0,0,0,0.0,0.0,0.0,0.0,242,6,0.9758064516129032,15.81553049483871,0.3790363707003812,8.590678288943458
3890481,Borussia Dortmund vs Bayern Munich,David Olatukunbo Alaba,0.5924667,0.0,0.0,0,0,0,0.0,3.0,-2.0,0,0,0,0,0.0,0.0,0.0,0.0,189,3,0.984375,8.730525135993958,-0.39979542364168386,7.378614403343779
3890481,Borussia Dortmund vs Bayern Munich,Douglas Costa de Souza,0.6300318,0.43148852,0.0,0,0,4,0.0,0.0,2.0,0,0,0,0,0.0,0.0,0.0,0.0,117,14,0.8931297709923665,12.295438865312915,-0.007915952017280637,7.987368100126824
3890481,Borussia Dortmund vs Bayern Munich,Franck Bilal Ribéry,0.18166904,0.0,0.0,0,0,0,2.0,0.0,0.0,0,0,0,0,0.0,0.0,0.0,0.0,28,3,0.9032258064516129,6.254684528996867,-0.6719565985157853,7.003222653895956
3890481,Borussia Dortmund vs Bayern Munich,Joshua Kimmich,0.0,0.0,0.0,0,0,0,0.0,2.0,0.0,0,0,0,1,0.0,0.0,0.0,0.0,329,6,0.982089552238806,7.946268656716418,-0.4860062096670753,7.253925526497454
3890481,Borussia Dortmund vs Bayern Munich,Juan Bernat Velasco,0.0,0.0,0.0,0,0,0,2.0,6.0,1.0,0,0,0,0,0.0,0.0,0.0,0.0,152,10,0.9382716049382716,18.814814814814817,0.7087380251603715,9.043025873543124
3890481,Borussia Dortmund vs Bayern Munich,Manuel Neuer,0.0,0.0,0.0,0,0,0,0.0,0.0,0.0,0,0,0,0,0.0,9.0,3.0,19.0,97,5,0.9509803921568627,33.85294117647059,2.3618307674502383,9.963630117173915
3890481,Borussia Dortmund vs Bayern Munich,Medhi Amine El Mouttaqi Benatia,0.0,0.0,0.0,0,0,0,0.0,-1.0,0.0,0,0,0,0,0.0,0.0,0.0,0.0,1,0,1.0,1.0,-1.2495871256841409,6.422900816975211
3890481,Borussia Dortmund vs Bayern Munich,Philipp Lahm,0.29638368,0.0,0.0,0,0,1,0.0,3.0,0.0,0,0,0,0,0.0,0.0,0.0,0.0,207,14,0.9366515837104072,10.699105787870572,-0.18339570003468142,7.708975099052489
3890481,Borussia Dortmund vs Bayern Munich,Robert Lewandowski,0.0,0.06855369,0.0,0,1,2,0.0,-1.0,-1.0,0,0,0,0,0.0,0.0,0.0,0.0,154,5,0.9685534591194969,4.17987513735849,-0.900033704962882,6.736204628357257
3890481,Borussia Dortmund vs Bayern Munich,Thomas Müller,0.50639725,0.25020108,0.0,0,0,3,-2.0,0.0,1.0,0,1,0,0,0.0,0.0,0.0,0.0,214,17,0.9264069264069265,5.299216841164139,-0.776988080647503,6.874331605237133
3890481,Borussia Dortmund vs Bayern Munich,Xabier Alonso Olano,0.2533921,0.0029535366,0.0,0,2,1,0.0,0.0,2.0,0,0,0,1,-2.0,0.0,0.0,0.0,319,9,0.9725609756097561,19.68967337423177,0.8049084057198748,9.158254925190503
3890489,Bayern Munich vs Werder Bremen,David Olatukunbo Alaba,0.0,0.012515945,0.0,0,0,1,2.0,0.0,0.0,0,0,0,0,0.0,0.0,0.0,0.0,278,5,0.9823321554770318,6.997060246431095,-0.5903496296003017,7.109912545544838
3890489,Bayern Munich vs Werder Bremen,Franck Bilal Ribéry,0.19627847,0.148955787,0.0,0,0,3,-2.0,-1.0,0.0,0,0,0,0,-2.0,0.0,0.0,0.0,282,19,0.9368770764119602,9.995289795460215,-0.26076392270953047,7.588549135201837
3890489,Bayern Munich vs Werder Bremen,Joshua Kimmich,0.0,0.0,0.0,0,1,0,0.0,0.0,-1.0,0,0,0,0,0.0,0.0,0.0,0.0,210,3,0.9859154929577465,3.9577464788732395,-0.9244515921627685,6.710502487778623
3890489,Bayern Munich vs Werder Bremen,Kingsley Coman,0.2116348,0.354893656,0.0,3,0,9,8.0,0.0,0.0,0,0,0,2,0.0,0.0,0.0,0.0,256,8,0.9696969696969697,42.96356991770394,3.3633328088370003,9.998459850685924
3890489,Bayern Munich vs Werder Bremen,Manuel Neuer,0.0,0.0,0.0,0,0,0,2.0,0.0,0.0,0,0,0,0,0.0,9.0,1.0,4.0,45,3,0.9375,19.8125,0.8184103406507539,9.173754161780455
3890489,Bayern Munich vs Werder Bremen,Mario Götze,0.0,0.12569593,0.0,0,0,2,0.0,0.0,0.0,0,0,0,0,0.0,0.0,0.0,0.0,137,4,0.9716312056737588,5.417677337021276,-0.7639661002996846,6.889774889123533
3890489,Bayern Munich vs Werder Bremen,Medhi Amine El Mouttaqi Benatia,0.0,0.0,0.0,0,0,0,0.0,-1.0,-1.0,1,0,0,0,0.0,0.0,0.0,0.0,200,8,0.9615384615384616,1.3846153846153846,-1.2073075965998599,6.45462741240183
3890489,Bayern Munich vs Werder Bremen,Márcio Rafael Ferreira de Souza,0.0,0.0,0.0,0,0,0,0.0,0.0,0.0,1,0,0,0,0.0,0.0,0.0,0.0,97,0,1.0,4.5,-0.8648434110171836,6.7742494814529985
3890489,Bayern Munich vs Werder Bremen,Philipp Lahm,1.0783015,0.0,0.0,0,1,3,0.0,0.0,0.0,0,0,0,0,0.0,0.0,0.0,0.0,439,8,0.9821029082774049,11.181213490914978,-0.13039915473786456,7.792501270605291
3890489,Bayern Munich vs Werder Bremen,Robert Lewandowski,0.0,0.15536788,1.0,0,0,0,0.0,0.0,0.0,0,0,0,0,0.0,0.0,0.0,0.0,20,0,1.0,9.62147152,-0.30185656039837583,7.525522823410015
3890489,Bayern Munich vs Werder Bremen,Sebastian Rode,0.0,0.090376675,0.0,0,0,0,0.0,0.0,1.0,0,0,0,0,0.0,0.0,0.0,0.0,101,4,0.9619047619047619,4.247220985714286,-0.8926305930017945,6.744110060731215
3890489,Bayern Munich vs Werder Bremen,Thiago Alcântara do Nascimento,0.042588204,0.691104183,2.0,0,0,1,4.0,6.0,6.0,1,0,0,0,0.0,0.0,0.0,0.0,340,11,0.9686609686609686,44.2981642504192,3.5100404605919535,9.99910392297478
3890489,Bayern Munich vs Werder Bremen,Thomas Müller,0.52049756,0.238415802,2.0,0,0,0,2.0,0.0,2.0,0,0,1,0,0.0,0.0,0.0,0.0,132,5,0.9635036496350365,23.405666838408408,1.2133955854585758,9.550042773364318
3890489,Bayern Munich vs Werder Bremen,Xabier Alonso Olano,0.30841208,0.0,0.0,0,1,0,0.0,0.0,1.0,1,0,0,0,0.0,0.0,0.0,0.0,437,11,0.9754464285714286,8.351575510842459,-0.4414521340566664,7.317771413650387
3890495,FC Köln vs Bayern Munich,Arturo Erasmo Vidal Pardo,0.0,0.0,0.0,0,0,0,0.0,0.0,2.0,1,0,0,0,0.0,0.0,0.0,0.0,119,7,0.9444444444444444,6.333333333333333,-0.6633109890487776,7.014262800017458
3890495,FC Köln vs Bayern Munich,David Olatukunbo Alaba,0.0,0.0,0.0,0,1,0,0.0,0.0,0.0,1,0,0,0,0.0,0.0,0.0,0.0,286,4,0.9862068965517241,6.458620689655172,-0.6495385539424727,7.031980669902164
3890495,FC Köln vs Bayern Munich,Douglas Costa de Souza,0.0,0.009188422,0.0,0,0,8,-2.0,0.0,0.0,0,0,0,0,0.0,0.0,0.0,0.0,169,17,0.9086021505376344,7.762560139612902,-0.5062006946060367,7.225431534885274
3890495,FC Köln vs Bayern Munich,Franck Bilal Ribéry,0.0,0.0,0.0,0,0,0,-6.0,0.0,0.0,0,0,0,0,0.0,0.0,0.0,0.0,76,0,1.0,-6.0,-1.5,6.267228805075432
3890495,FC Köln vs Bayern Munich,Joshua Kimmich,0.0,0.0,0.0,0,0,0,0.0,0.0,2.0,1,2,0,1,0.0,0.0,0.0,0.0,335,7,0.97953216374269,5.43859649122807,-0.7616665251290523,6.892518118332203
3890495,FC Köln vs Bayern Munich,Juan Bernat Velasco,0.0,0.0,0.0,0,0,0,0.0,3.0,0.0,1,0,0,2,0.0,0.0,0.0,0.0,215,5,0.9772727272727273,12.431818181818182,0.007075786507284162,8.011291227400134
3890495,FC Köln vs Bayern Munich,Kingsley Coman,0.0,0.19712599,0.0,0,1,5,2.0,0.0,0.0,1,0,1,1,0.0,0.0,0.0,0.0,196,4,0.98,17.22850396,0.534359987760952,8.813815007388564
3890495,FC Köln vs Bayern Munich,Manuel Neuer,0.0,0.0,0.0,0,0,0,0.0,0.0,0.0,0,0,0,0,0.0,5.0,2.0,10.0,88,14,0.8627450980392157,19.588235294117645,0.793757644647934,9.145326930800119
3890495,FC Köln vs Bayern Munich,Márcio Rafael Ferreira de Souza,0.0,0.0,0.0,0,0,0,2.0,0.0,0.0,0,0,0,0,0.0,0.0,0.0,0.0,285,4,0.986159169550173,5.958477508650519,-0.7045176811782095,6.962220885873215
3890495,FC Köln vs Bayern Munich,Philipp Lahm,0.0,0.0,0.0,0,0,0,0.0,0.0,0.0,0,0,1,0,-2.0,0.0,0.0,0.0,27,1,0.9642857142857143,11.892857142857142,-0.05217046269003952,7.9167857364603265
3890495,FC Köln vs Bayern Munich,Robert Lewandowski,0.2822044,0.239480215,1.0,0,0,0,-2.0,3.0,0.0,0,0,0,0,0.0,0.0,0.0,0.0,155,6,0.9627329192546584,13.692732786480406,0.14568406332887324,8.231658394490358
3890495,FC Köln vs Bayern Munich,Sebastian Rode,0.3207819,0.0,0.0,0,0,1,2.0,0.0,1.0,0,0,0,0,0.0,0.0,0.0,0.0,191,5,0.9744897959183674,8.88581504748792,-0.38272490438497236,7.403847493700217
3890495,FC Köln vs Bayern Munich,Thiago Alcântara do Nascimento,0.3914881,0.043362435,0.0,0,0,0,8.0,8.0,3.0,0,0,1,0,0.0,0.0,0.0,0.0,316,8,0.9753086419753086,36.27384001090426,2.6279523704196435,9.98281989154303
3890495,FC Köln vs Bayern Munich,Xabier Alonso Olano,0.0,0.0,0.0,0,0,0,0.0,0.0,0.0,1,0,0,0,0.0,0.0,0.0,0.0,292,5,0.9831649831649831,4.44949494949495,-0.8703952683716852,6.7681688631746555
3890505,Bayern Munich vs Eintracht Frankfurt,Arturo Erasmo Vidal Pardo,0.0,0.0,0.0,0,0,0,0.0,0.0,0.0,0,0,0,0,0.0,0.0,0.0,0.0,12,1,0.9230769230769231,2.769230769230769,-1.0551012918964482,6.58275800251557
3890505,Bayern Munich vs Eintracht Frankfurt,David Olatukunbo Alaba,0.0,0.0,0.0,0,0,0,0.0,0.0,0.0,0,0,0,1,0.0,0.0,0.0,0.0,268,3,0.988929889298893,3.966789667896679,-0.9234575035521077,6.711537673537587
3890505,Bayern Munich vs Eintracht Frankfurt,Douglas Costa de Souza,0.0,0.019685775,0.0,0,0,0,2.0,0.0,0.0,0,0,0,0,0.0,0.0,0.0,0.0,38,2,0.95,5.9287431,-0.7077862888461026,6.958155964516516
3890505,Bayern Munich vs Eintracht Frankfurt,Franck Bilal Ribéry,0.40646517,0.101355222,1.0,0,0,8,4.0,6.0,0.0,0,0,0,0,0.0,0.0,0.0,0.0,197,15,0.9292452830188679,36.41255225535952,2.643200560191503,9.983574725538881
3890505,Bayern Munich vs Eintracht Frankfurt,Javier Martínez Aginaga,0.0,0.31344244,0.0,0,0,0,0.0,3.0,5.0,0,0,1,1,0.0,0.0,0.0,0.0,193,8,0.9601990049751243,17.134366774925375,0.524011790539837,8.799459321600455
3890505,Bayern Munich vs Eintracht Frankfurt,Juan Bernat Velasco,0.2951501,0.24821222,0.0,0,0,1,2.0,0.0,0.0,3,0,0,1,0.0,0.0,0.0,0.0,197,8,0.9609756097560975,14.261226012822828,0.20817669066201233,8.329817983916078
3890505,Bayern Munich vs Eintracht Frankfurt,Manuel Neuer,0.0,0.0,0.0,0,0,0,0.0,0.0,0.0,0,0,0,0,0.0,0.0,0.0,4.0,119,10,0.9224806201550387,6.767441860465116,-0.6155908383924108,7.076329198853932
3890505,Bayern Munich vs Eintracht Frankfurt,Mario Götze,0.17141022,0.368896177,0.0,0,0,1,0.0,0.0,3.0,0,1,0,0,-2.0,0.0,0.0,0.0,136,3,0.9784172661870504,15.92506717510592,0.39107738477417925,8.60851992704428
3890505,Bayern Munich vs Eintracht Frankfurt,Philipp Lahm,0.502771,0.0,0.0,0,0,3,2.0,0.0,-1.0,1,0,0,1,0.0,0.0,0.0,0.0,283,13,0.956081081081081,11.876556303050066,-0.05396236144991542,7.9139303034761594
3890505,Bayern Munich vs Eintracht Frankfurt,Robert Lewandowski,0.3374126,0.37704538,0.0,0,0,0,0.0,0.0,0.0,0,0,1,1,0.0,0.0,0.0,0.0,101,4,0.9619047619047619,7.406133592960989,-0.5453815156245432,7.170982301390945
3890505,Bayern Munich vs Eintracht Frankfurt,Thiago Alcântara do Nascimento,0.45903438,0.0,0.0,0,0,1,-4.0,6.0,1.0,0,0,0,0,0.0,0.0,0.0,0.0,235,9,0.9631147540983607,12.266447352581338,-0.01110289553218394,7.982282706164542
3890505,Bayern Munich vs Eintracht Frankfurt,Thomas Müller,0.4806463,0.327626249,0.0,0,0,0,0.0,0.0,0.0,1,0,1,0,0.0,0.0,0.0,0.0,113,7,0.9416666666666667,8.077443873105713,-0.4715865410882584,7.274443870471541
3890505,Bayern Munich vs Eintracht Frankfurt,Xabier Alonso Olano,0.3916192,0.08140029,0.0,0,1,1,0.0,0.0,2.0,0,0,0,1,0.0,0.0,0.0,0.0,267,9,0.967391304347826,10.402632689468039,-0.2159860317998851,7.657997271221588
3890516,VfB Stuttgart vs Bayern Munich,Arturo Erasmo Vidal Pardo,0.0,0.033331193,0.0,0,0,0,0.0,2.0,0.0,0,0,0,0,-2.0,0.0,0.0,0.0,89,2,0.978021978021978,15.067390706065934,0.29679577600821255,8.466755138982542
3890516,VfB Stuttgart vs Bayern Munich,David Olatukunbo Alaba,0.18316709,0.07435815,1.0,0,1,0,0.0,0.0,-2.0,1,0,0,0,-2.0,0.0,0.0,0.0,298,7,0.9770491803278688,19.278081381237055,0.759663425059314,9.105088406941078
3890516,VfB Stuttgart vs Bayern Munich,Douglas Costa de Souza,0.0,0.036088087,1.0,0,0,0,0.0,0.0,0.0,0,0,0,0,0.0,0.0,0.0,0.0,36,1,0.972972972972973,9.06327126691892,-0.36321771436936173,7.4328845116124835
3890516,VfB Stuttgart vs Bayern Munich,Franck Bilal Ribéry,0.63141614,0.10179155,0.0,0,2,3,4.0,0.0,0.0,0,0,1,0,0.0,0.0,0.0,0.0,248,12,0.9538461538461539,19.162953147103647,0.7470077494983041,9.089882233943747
3890516,VfB Stuttgart vs Bayern Munich,Javier Martínez Aginaga,0.0,0.09513681,0.0,0,0,0,0.0,2.0,2.0,3,0,0,0,0.0,0.0,0.0,0.0,256,7,0.973384030418251,13.800699331254753,0.1575524774706558,8.250381093550898
3890516,VfB Stuttgart vs Bayern Munich,Joshua Kimmich,0.0,0.0,0.0,0,1,0,4.0,3.0,2.0,1,0,0,1,0.0,0.0,0.0,0.0,355,6,0.9833795013850416,21.450138504155124,0.998430661042263,9.363858856073197
3890516,VfB Stuttgart vs Bayern Munich,Juan Bernat Velasco,0.0,0.037443068,0.0,1,0,0,0.0,3.0,0.0,1,0,0,0,0.0,0.0,0.0,0.0,195,6,0.9701492537313433,15.56022003319403,0.35097091486994986,8.548779662621161
3890516,VfB Stuttgart vs Bayern Munich,Manuel Neuer,0.0,0.0,0.0,0,0,0,0.0,0.0,0.0,0,0,0,0,0.0,-1.0,2.0,8.0,81,5,0.9418604651162791,11.825581395348838,-0.05956586869099421,7.905002805835586
3890516,VfB Stuttgart vs Bayern Munich,Mario Götze,0.20397218,0.094238377,0.0,0,0,1,-2.0,0.0,0.0,0,0,0,0,0.0,0.0,0.0,0.0,186,4,0.9789473684210527,1.9257121553163807,-1.1478265732987754,6.502080329978705
3890516,VfB Stuttgart vs Bayern Munich,Márcio Rafael Ferreira de Souza,0.19630085,0.0,0.0,0,0,2,-2.0,0.0,-1.0,0,0,1,0,0.0,0.0,0.0,0.0,216,10,0.9557522123893806,2.4561591702224934,-1.0895162433133534,6.551852591619932
3890516,VfB Stuttgart vs Bayern Munich,Robert Lewandowski,0.0,0.059046682,0.0,1,0,2,-4.0,0.0,0.0,0,0,1,0,0.0,0.0,0.0,0.0,139,5,0.9652777777777778,5.132020061333334,-0.7953674835482052,6.852799537862021
3890516,VfB Stuttgart vs Bayern Munich,Thiago Alcântara do Nascimento,0.0,0.169800693,0.0,0,0,0,4.0,0.0,0.0,0,0,0,0,0.0,0.0,0.0,0.0,96,3,0.9696969696969697,9.58829368109091,-0.30550369325166304,7.519965115069388
3890516,VfB Stuttgart vs Bayern Munich,Thomas Müller,0.19458385,0.0100807035,0.0,0,0,0,-2.0,0.0,0.0,0,0,0,0,0.0,0.0,0.0,0.0,137,6,0.958041958041958,0.49820024738338153,-1.3047483544957632,6.383957100526449
3890516,VfB Stuttgart vs Bayern Munich,Xabier Alonso Olano,0.38864276,0.0,0.0,0,2,0,0.0,0.0,0.0,1,0,1,0,-2.0,0.0,0.0,0.0,281,8,0.972318339100346,18.582883261891798,0.6832425373832063,9.01109280468588
3890526,Bayern Munich vs Schalke 04,Arturo Erasmo Vidal Pardo,0.33388704,0.38451536,1.0,1,2,0,0.0,0.0,1.0,0,0,0,0,0.0,0.0,0.0,0.0,308,6,0.9808917197452229,21.48239766147627,1.0019768061907668,9.367290410051908
3890526,Bayern Munich vs Schalke 04,David Olatukunbo Alaba,0.0,0.0,0.0,0,0,0,0.0,3.0,1.0,0,0,0,0,0.0,0.0,0.0,0.0,335,5,0.9852941176470589,9.955882352941178,-0.26509585580104444,7.581871239517646
3890526,Bayern Munich vs Schalke 04,Douglas Costa de Souza,0.34675997,0.11684436000000001,0.0,0,0,4,-4.0,0.0,-2.0,0,0,0,0,0.0,0.0,0.0,0.0,139,11,0.9266666666666666,0.2876573052648923,-1.327892661252214,6.3684271389586
3890526,Bayern Munich vs Schalke 04,Franck Bilal Ribéry,0.0,0.0,0.0,1,0,0,-2.0,0.0,0.0,0,0,0,0,0.0,0.0,0.0,0.0,52,4,0.9285714285714286,4.785714285714286,-0.8334357608402893,6.80919802666173
3890526,Bayern Munich vs Schalke 04,Joshua Kimmich,0.0,0.0,0.0,0,1,0,0.0,0.0,-2.0,0,0,0,0,0.0,0.0,0.0,0.0,98,3,0.9702970297029703,2.910891089108911,-1.0395290296990694,6.597117528461281
3890526,Bayern Munich vs Schalke 04,Juan Bernat Velasco,0.0,0.035386406,0.0,0,0,0,-4.0,3.0,-2.0,2,0,0,1,0.0,0.0,0.0,0.0,214,3,0.9861751152073732,5.10007096962212,-0.7988795441839788,6.848720522472103
3890526,Bayern Munich vs Schalke 04,Kingsley Coman,0.3119061,0.061976502,0.0,0,0,4,-6.0,3.0,0.0,0,0,1,0,0.0,0.0,0.0,0.0,196,8,0.9607843137254902,6.065977247134844,-0.6927005815467279,6.976994948140825
3890526,Bayern Munich vs Schalke 04,Manuel Neuer,0.0,0.0,0.0,0,0,0,0.0,0.0,0.0,0,0,0,0,0.0,11.0,5.0,17.0,100,2,0.9803921568627451,35.94117647058823,2.591383740066658,9.98088183317078
3890526,Bayern Munich vs Schalke 04,Mario Götze,0.25348234,0.03962914,0.0,0,0,1,0.0,0.0,3.0,0,0,2,0,0.0,0.0,0.0,0.0,186,11,0.9441624365482234,9.751450894943742,-0.28756834681382026,7.547354354777527
3890526,Bayern Munich vs Schalke 04,Medhi Amine El Mouttaqi Benatia,0.0,0.0,0.0,0,0,0,0.0,3.0,-1.0,0,1,0,0,0.0,0.0,0.0,0.0,198,2,0.99,6.97,-0.5933242752379311,7.105928311764739
3890526,Bayern Munich vs Schalke 04,Márcio Rafael Ferreira de Souza,0.4326416,0.0,0.0,1,0,5,0.0,6.0,2.0,0,0,0,0,0.0,0.0,0.0,0.0,362,11,0.9705093833780161,28.20945290713783,1.7414602987581007,9.836794146890844
3890526,Bayern Munich vs Schalke 04,Philipp Lahm,0.54279715,0.046658695,0.0,0,2,2,0.0,1.0,1.0,0,0,0,0,0.0,0.0,0.0,0.0,250,11,0.9578544061302682,13.688589502678525,0.14522860550005753,8.230939237142028
3890526,Bayern Munich vs Schalke 04,Robert Lewandowski,0.0,0.451807703,2.0,0,1,0,-2.0,0.0,0.0,0,0,0,0,0.0,0.0,0.0,0.0,161,4,0.9757575757575757,15.734503539272728,0.3701293387367783,8.577427754305965
3890526,Bayern Munich vs Schalke 04,Sebastian Rode,0.0,0.0,0.0,0,0,0,0.0,0.0,0.0,0,0,0,0,0.0,0.0,0.0,0.0,25,1,0.9615384615384616,2.8846153846153846,-1.042417433171164,6.594436374886186
3890533,Hertha Berlin vs Bayern Munich,Arturo Erasmo Vidal Pardo,0.27503145,0.03774275,1.0,0,0,0,2.0,0.0,2.0,2,0,0,0,-2.0,0.0,0.0,0.0,358,9,0.9754768392370572,25.90249585994292,1.4878639490681338,9.726426446481533
3890533,Hertha Berlin vs Bayern Munich,David Olatukunbo Alaba,0.0,0.0,0.0,0,0,1,-2.0,0.0,0.0,0,0,0,0,0.0,0.0,0.0,0.0,126,3,0.9767441860465116,0.9302325581395348,-1.257256435611057,6.417321586895815
3890533,Hertha Berlin vs Bayern Munich,Douglas Costa de Souza,0.4466233,0.101336921,1.0,0,1,0,-6.0,-1.0,-2.0,0,0,0,0,0.0,0.0,0.0,0.0,176,11,0.9411764705882353,-0.4312530474008822,-1.4069201582799746,6.318902130716098
3890533,Hertha Berlin vs Bayern Munich,Franck Bilal Ribéry,0.0,0.050574042,0.0,0,0,0,0.0,0.0,0.0,0,0,0,0,0.0,0.0,0.0,0.0,102,7,0.9357798165137615,3.0096356175412846,-1.028674362078467,6.607265442720275
3890533,Hertha Berlin vs Bayern Munich,Javier Martínez Aginaga,0.0,0.0,0.0,0,0,0,0.0,0.0,0.0,0,0,0,0,0.0,0.0,0.0,0.0,31,1,0.96875,2.90625,-1.0400392096601732,6.5966433689203
3890533,Hertha Berlin vs Bayern Munich,Joshua Kimmich,0.0,0.0,0.0,0,0,2,2.0,3.0,-1.0,0,0,0,0,0.0,0.0,0.0,0.0,266,16,0.9432624113475178,12.829787234042554,0.050823241214510796,8.081067258009092
3890533,Hertha Berlin vs Bayern Munich,Manuel Neuer,0.0,0.0,0.0,0,0,0,0.0,0.0,0.0,0,0,0,0,0.0,9.0,0.0,8.0,99,4,0.9611650485436893,19.883495145631066,0.8262146080945877,9.182635273969652
3890533,Hertha Berlin vs Bayern Munich,Mario Götze,0.0,0.0,0.0,1,1,0,0.0,0.0,-3.0,0,0,1,0,0.0,0.0,0.0,0.0,178,9,0.9518716577540107,7.855614973262032,-0.4959714767872133,7.239829070406977
3890533,Hertha Berlin vs Bayern Munich,Medhi Amine El Mouttaqi Benatia,0.0,0.0,0.0,1,0,0,0.0,0.0,0.0,3,0,0,0,0.0,0.0,0.0,0.0,260,8,0.9701492537313433,12.41044776119403,0.004726605074446606,8.007542542343417
3890533,Hertha Berlin vs Bayern Munich,Márcio Rafael Ferreira de Souza,0.0,0.0,0.0,0,0,1,0.0,0.0,-3.0,0,0,0,1,-2.0,0.0,0.0,0.0,184,9,0.9533678756476683,9.860103626943005,-0.2756245023229318,7.565672976490784
3890533,Hertha Berlin vs Bayern Munich,Robert Lewandowski,0.0,0.0,0.0,0,0,0,0.0,0.0,0.0,0,0,0,0,0.0,0.0,0.0,0.0,107,5,0.9553571428571429,2.866071428571429,-1.044455910466299,6.592549015117916
3890533,Hertha Berlin vs Bayern Munich,Serdar Taşçı,0.0,0.0,0.0,0,0,0,0.0,0.0,0.0,0,0,0,1,0.0,0.0,0.0,0.0,271,12,0.9575971731448764,3.872791519434629,-0.9337904169267092,6.700824027499723
3890533,Hertha Berlin vs Bayern Munich,Thiago Alcântara do Nascimento,0.0,0.14872801,0.0,0,0,1,2.0,3.0,1.0,0,0,0,0,-2.0,0.0,0.0,0.0,330,10,0.9705882352941176,22.506676745882352,1.1145725032736427,9.469932682295024
3890533,Hertha Berlin vs Bayern Munich,Thomas Müller,0.0,0.0,0.0,0,0,1,4.0,3.0,0.0,0,0,0,1,-2.0,0.0,0.0,0.0,84,6,0.9333333333333333,24.8,1.366670134051168,9.656542553614926
3890541,Bayern Munich vs Borussia Mönchengladbach,David Olatukunbo Alaba,0.0,0.0,0.0,0,0,0,0.0,0.0,0.0,0,0,0,0,0.0,0.0,0.0,0.0,56,2,0.9655172413793104,2.896551724137931,-1.0411053098547554,6.595653350935507
3890541,Bayern Munich vs Borussia Mönchengladbach,Douglas Costa de Souza,0.0,0.006310031,0.0,0,0,1,0.0,0.0,0.0,0,0,0,0,0.0,0.0,0.0,0.0,33,5,0.868421052631579,3.630503281894737,-0.9604243816499115,6.673683343922185
3890541,Bayern Munich vs Borussia Mönchengladbach,Joshua Kimmich,0.24384154,0.0,0.0,1,0,1,4.0,5.0,1.0,0,0,0,0,0.0,0.0,0.0,0.0,258,6,0.9772727272727273,26.663342828100376,1.5715014030172743,9.767867542451024
3890541,Bayern Munich vs Borussia Mönchengladbach,Juan Bernat Velasco,0.0,0.06307469,0.0,0,0,3,-6.0,3.0,0.0,0,0,2,0,0.0,0.0,0.0,0.0,198,9,0.9565217391304348,5.121863977391305,-0.7964839091088696,6.851501648899102
3890541,Bayern Munich vs Borussia Mönchengladbach,Jérôme Boateng,0.2366908,0.0,0.0,0,0,0,0.0,2.0,1.0,1,1,0,0,0.0,0.0,0.0,0.0,135,17,0.8881578947368421,8.874546082396257,-0.38396366538206345,7.402010755948229
3890541,Bayern Munich vs Borussia Mönchengladbach,Kingsley Coman,0.200653,0.0,0.0,0,0,2,4.0,0.0,-1.0,0,0,1,1,0.0,0.0,0.0,0.0,212,10,0.954954954954955,12.46682385496191,0.010923847284351505,8.017431591498237
3890541,Bayern Munich vs Borussia Mönchengladbach,Manuel Neuer,0.0,0.0,0.0,0,0,0,0.0,0.0,0.0,0,0,0,0,0.0,4.0,3.0,7.0,138,25,0.8466257668711656,16.539877300613497,0.4586614794892203,8.707045439827464
3890541,Bayern Munich vs Borussia Mönchengladbach,Mario Götze,0.4749512,0.0,0.0,0,0,0,4.0,3.0,-5.0,0,0,0,0,0.0,0.0,0.0,0.0,134,5,0.9640287769784173,11.316939894243967,-0.11547918885352706,7.816130630003047
3890541,Bayern Munich vs Borussia Mönchengladbach,Medhi Amine El Mouttaqi Benatia,0.0,0.0,0.0,0,0,0,4.0,9.0,0.0,0,0,0,0,0.0,0.0,0.0,0.0,157,8,0.9515151515151515,26.854545454545455,1.592519691232291,9.777464035542312
3890541,Bayern Munich vs Borussia Mönchengladbach,Márcio Rafael Ferreira de Souza,0.0,0.0,0.0,0,0,1,-4.0,-1.0,0.0,0,1,1,1,0.0,0.0,0.0,0.0,175,5,0.9722222222222222,-3.0833333333333335,-1.5,6.267228805075432
3890541,Bayern Munich vs Borussia Mönchengladbach,Sebastian Rode,0.19355161,0.0,0.0,0,0,0,-2.0,5.0,2.0,1,0,0,1,-2.0,0.0,0.0,0.0,181,10,0.9476439790575916,22.92358679671562,1.160402080884952,9.508229720099534
3890541,Bayern Munich vs Borussia Mönchengladbach,Serdar Taşçı,0.0,0.0,0.0,0,0,0,2.0,-1.0,1.0,0,0,0,0,-2.0,0.0,0.0,0.0,143,6,0.959731543624161,12.879194630872483,0.05625443703975979,8.08972176940857
3890541,Bayern Munich vs Borussia Mönchengladbach,Thiago Alcântara do Nascimento,0.0,0.040204458,0.0,0,0,1,-2.0,-1.0,-3.0,0,0,0,1,0.0,0.0,0.0,0.0,89,7,0.9270833333333334,-3.057932168,-1.5,6.267228805075432
3890541,Bayern Munich vs Borussia Mönchengladbach,Thomas Müller,0.0,0.157175962,1.0,0,0,3,4.0,0.0,0.0,0,0,1,0,0.0,0.0,0.0,0.0,171,15,0.9193548387096774,19.386768364129033,0.7716110346404007,9.119310326512046
3890548,Ingolstadt vs Bayern Munich,David Olatukunbo Alaba,0.18809624,0.037553709500000004,0.0,0,0,0,-6.0,0.0,1.0,0,0,0,0,0.0,0.0,0.0,0.0,141,14,0.9096774193548387,-4.556464168545775,-1.5,6.267228805075432
3890548,Ingolstadt vs Bayern Munich,Douglas Costa de Souza,0.19905077,0.034370825,0.0,0,0,1,2.0,0.0,1.0,0,0,0,0,0.0,0.0,0.0,0.0,137,10,0.9319727891156463,8.530553960075363,-0.42177761022718097,7.346374699390936
3890548,Ingolstadt vs Bayern Munich,Franck Bilal Ribéry,0.0,0.050420117,0.0,0,0,2,-6.0,0.0,0.0,0,0,0,0,0.0,0.0,0.0,0.0,123,7,0.9461538461538461,-3.9598579935384617,-1.5,6.267228805075432
3890548,Ingolstadt vs Bayern Munich,Javier Martínez Aginaga,0.0,0.0,0.0,0,0,0,0.0,0.0,4.0,0,0,0,0,0.0,0.0,0.0,0.0,126,12,0.9130434782608695,6.739130434782608,-0.6187030221308695,7.072224037463188
3890548,Ingolstadt vs Bayern Munich,Joshua Kimmich,0.27578938,0.06568373,0.0,0,1,0,0.0,0.0,-1.0,0,1,0,0,0.0,0.0,0.0,0.0,171,7,0.9606741573033708,3.9721255321307543,-0.9228709492017143,6.712148922940653
3890548,Ingolstadt vs Bayern Munich,Manuel Neuer,0.0,0.0,0.0,0,0,0,0.0,0.0,0.0,0,0,0,0,0.0,8.0,8.0,24.0,112,20,0.8484848484848485,42.54545454545455,3.3173707341288314,9.998182620937417
3890548,Ingolstadt vs Bayern Munich,Medhi Amine El Mouttaqi Benatia,0.0,0.0,0.0,0,0,0,0.0,3.0,0.0,3,0,0,0,-2.0,0.0,0.0,0.0,42,5,0.8936170212765957,21.180851063829788,0.9688287610125698,9.334738731920552
3890548,Ingolstadt vs Bayern Munich,Márcio Rafael Ferreira de Souza,0.0,0.0,0.0,0,0,0,2.0,0.0,0.0,0,0,0,0,0.0,0.0,0.0,0.0,77,1,0.9871794871794872,5.961538461538462,-0.7041812004969159,6.962639873963281
3890548,Ingolstadt vs Bayern Munich,Philipp Lahm,0.0,0.0,0.0,0,1,0,0.0,3.0,3.0,0,0,0,1,0.0,0.0,0.0,0.0,133,8,0.9432624113475178,14.829787234042554,0.27067679245277204,8.426720744717842
3890548,Ingolstadt vs Bayern Munich,Robert Lewandowski,0.1816592,1.010800282,2.0,0,0,0,0.0,0.0,0.0,0,0,0,1,-2.0,0.0,0.0,0.0,142,8,0.9466666666666667,28.428178733342865,1.7655041235774505,9.845041844364626
3890548,Ingolstadt vs Bayern Munich,Sebastian Rode,0.0,0.0,0.0,0,0,0,0.0,0.0,0.0,0,0,0,0,0.0,0.0,0.0,0.0,2,0,1.0,3.0,-1.0297335744458795,6.606270180452789
3890548,Ingolstadt vs Bayern Munich,Thiago Alcântara do Nascimento,0.5488234,0.0,0.0,0,3,1,2.0,-3.0,2.0,0,1,0,1,0.0,0.0,0.0,0.0,163,13,0.9261363636363636,10.424879399212923,-0.21354052272949528,7.661810770706653
3890548,Ingolstadt vs Bayern Munich,Thomas Müller,0.30752438,0.44307947599999997,0.0,0,0,2,0.0,5.0,0.0,0,0,0,0,-2.0,0.0,0.0,0.0,147,12,0.9245283018867925,25.46847595886463,1.4401535407880632,9.700352071756745
3890548,Ingolstadt vs Bayern Munich,Xabier Alonso Olano,0.0,0.0,0.0,1,1,0,0.0,0.0,0.0,0,0,0,0,0.0,0.0,0.0,0.0,65,2,0.9701492537313433,9.91044776119403,-0.27009033397337995,7.574181516476617
3890559,Bayern Munich vs Hannover 96,Arturo Erasmo Vidal Pardo,0.3053586,0.21557901999999998,0.0,0,0,0,4.0,2.0,4.0,0,2,0,1,0.0,0.0,0.0,0.0,230,6,0.9745762711864406,17.7021206596459,0.5864231444323998,8.884817610225912
3890559,Bayern Munich vs Hannover 96,David Olatukunbo Alaba,0.0,0.0,0.0,0,0,1,0.0,0.0,0.0,0,0,0,0,0.0,0.0,0.0,0.0,188,5,0.9740932642487047,3.922279792746114,-0.9283503306106193,6.706451748536479
3890559,Bayern Munich vs Hannover 96,Franck Bilal Ribéry,1.1066186,0.6014319459999999,0.0,0,1,7,6.0,0.0,-1.0,0,0,1,0,0.0,0.0,0.0,0.0,282,19,0.9368770764119602,26.5362149416569,1.5575266443692681,9.761309000651993
3890559,Bayern Munich vs Hannover 96,Jérôme Boateng,0.22404705,0.0,0.0,0,3,2,0.0,3.0,0.0,0,0,0,0,0.0,0.0,0.0,0.0,180,12,0.9375,17.484641134738922,0.5625163214961955,8.852471426923254
3890559,Bayern Munich vs Hannover 96,Kingsley Coman,0.17234777,0.2746974,0.0,1,0,2,12.0,0.0,0.0,0,0,3,1,0.0,0.0,0.0,0.0,166,6,0.9651162790697675,33.51118172973173,2.3242622534328583,9.95977711486466
3890559,Bayern Munich vs Hannover 96,Manuel Neuer,0.0,0.0,0.0,0,0,0,0.0,0.0,0.0,0,0,0,0,0.0,2.0,2.0,10.0,107,10,0.9145299145299145,16.743589743589745,0.4810549314990952,8.739045083735551
3890559,Bayern Munich vs Hannover 96,Mario Götze,0.39518124,0.864851865,2.0,0,0,1,2.0,3.0,4.0,0,0,0,0,0.0,0.0,0.0,0.0,158,7,0.9575757575757575,33.51767850828575,2.3249764233512127,9.959853558165628
3890559,Bayern Munich vs Hannover 96,Medhi Amine El Mouttaqi Benatia,0.23814665,0.0,0.0,0,0,0,0.0,-1.0,0.0,3,0,0,1,0.0,0.0,0.0,0.0,168,7,0.96,7.094439928531647,-0.5796449951361721,7.124308086961101
3890559,Bayern Munich vs Hannover 96,Márcio Rafael Ferreira de Souza,0.0,0.0,0.0,0,0,0,0.0,0.0,1.0,1,0,0,0,0.0,0.0,0.0,0.0,77,1,0.9871794871794872,5.461538461538462,-0.7591445883064811,6.89553213791511
3890559,Bayern Munich vs Hannover 96,Philipp Lahm,0.30450273,0.113360053,0.0,0,0,1,4.0,0.0,0.0,1,0,0,0,0.0,0.0,0.0,0.0,169,6,0.9657142857142857,12.764091245946446,0.04360149307199287,8.06955587693627
3890559,Bayern Munich vs Hannover 96,Robert Lewandowski,0.19720475,0.307248614,1.0,0,0,1,0.0,0.0,1.0,0,0,0,0,0.0,0.0,0.0,0.0,136,5,0.9645390070921985,12.714225723645002,0.03811993699083134,8.060815889116212
3890559,Bayern Munich vs Hannover 96,Sebastian Rode,0.0,0.0440225,0.0,0,0,0,0.0,0.0,0.0,0,0,0,0,0.0,0.0,0.0,0.0,19,2,0.9047619047619048,2.8903757142857143,-1.0417842187040014,6.595023464774072
3890559,Bayern Munich vs Hannover 96,Sven Ulreich,0.0,0.0,0.0,0,0,0,0.0,0.0,0.0,0,0,0,0,0.0,0.0,4.0,12.0,48,6,0.8888888888888888,18.666666666666664,0.6924525769204999,9.022693684925525
3890559,Bayern Munich vs Hannover 96,Thiago Alcântara do Nascimento,0.4346283,0.0,0.0,0,2,2,4.0,0.0,8.0,3,1,3,0,0.0,0.0,0.0,0.0,278,11,0.9619377162629758,30.68969813185167,2.014105659055639,9.91200311696673
